Time,Inj Gas Meter Volume Instantaneous,Inj Gas Meter Volume Setpoint,Inj Gas Valve Percent Open,IsHydrate,Instantaneous_t-1,Instantaneous_t-2,Valve_t-1,Valve_t-2,Confidence_Score
2024-10-31 00:30:00,586.35675,543,44.58979,0,549.6309,559.02255,44.68318,44.65046,0.5
2024-10-31 00:46:00,573.30135,543,44.62712,1,586.35675,549.6309,44.58979,44.68318,0.5
2024-10-31 01:00:00,564.6483,543,44.64499,1,573.30135,586.35675,44.62712,44.58979,0.5
2024-10-31 01:14:00,559.5771,543,44.65577,1,564.6483,573.30135,44.64499,44.62712,0.5
2024-10-31 01:28:00,594.04365,543,44.5543,0,559.5771,564.6483,44.65577,44.64499,0.5
2024-10-31 01:44:00,579.2346,543,44.60474,1,594.04365,559.5771,44.5543,44.65577,0.5
2024-10-31 02:00:00,575.6688,543,44.612,1,579.2346,594.04365,44.60474,44.5543,0.5
2024-10-31 02:14:00,569.6556,543,44.63334,1,575.6688,579.2346,44.612,44.60474,0.5
2024-10-31 02:30:00,556.50495,543,44.65831,1,569.6556,575.6688,44.63334,44.612,0.5
2024-10-31 02:46:00,582.01815,543,44.58346,0,556.50495,569.6556,44.65831,44.63334,0.5
2024-10-31 03:00:00,583.23225,543,44.59333,0,582.01815,556.50495,44.58346,44.65831,0.5
2024-10-31 03:16:00,557.40765,543,44.62994,1,583.23225,582.01815,44.59333,44.58346,0.5
2024-10-31 03:28:00,559.6974,543,44.65321,0,557.40765,583.23225,44.62994,44.59333,0.5
2024-10-31 03:44:00,561.0645,543,44.64957,0,559.6974,557.40765,44.65321,44.62994,0.5
2024-10-31 04:00:00,574.68555,543,44.61326,0,561.0645,559.6974,44.64957,44.65321,0.5
2024-10-31 04:14:00,577.60605,543,44.63443,0,574.68555,561.0645,44.61326,44.64957,0.5
2024-10-31 04:30:00,571.9866,543,44.61763,0,577.60605,574.68555,44.63443,44.61326,0.5
2024-10-31 04:46:00,566.8248,543,44.64836,1,571.9866,577.60605,44.61763,44.63443,0.5
2024-10-31 04:58:00,576.38505,543,44.33146,0,566.8248,571.9866,44.64836,44.61763,0.5
2024-10-31 05:14:00,574.7841,543,44.34416,1,576.38505,566.8248,44.33146,44.64836,0.5
2024-10-31 05:30:00,561.53055,543,44.39851,1,574.7841,576.38505,44.34416,44.33146,0.5
2024-10-31 05:44:00,546.55815,543,44.41094,1,561.53055,574.7841,44.39851,44.34416,0.5
2024-10-31 06:00:00,558.43905,543,44.38026,0,546.55815,561.53055,44.41094,44.39851,0.5
2024-10-31 06:14:00,572.1432,543,44.3538,0,558.43905,546.55815,44.38026,44.41094,0.5
2024-10-31 06:30:00,567.6579,543,44.36668,1,572.1432,558.43905,44.3538,44.38026,0.5
2024-10-31 06:46:00,556.07025,543,44.39721,1,567.6579,572.1432,44.36668,44.3538,0.5
2024-10-31 06:58:00,546.97725,543,44.41696,1,556.07025,567.6579,44.39721,44.36668,0.5
2024-10-31 07:14:00,571.2198,543,44.3497,0,546.97725,556.07025,44.41696,44.39721,0.5
2024-10-31 07:30:00,565.43385,543,44.3615,1,571.2198,546.97725,44.3497,44.41696,0.5
2024-10-31 07:44:00,562.36515,543,44.37756,1,565.43385,571.2198,44.3615,44.3497,0.5
2024-10-31 08:00:00,549.08595,543,44.41018,1,562.36515,565.43385,44.37756,44.3615,0.5
2024-10-31 08:16:00,546.15675,543,44.419,1,549.08595,562.36515,44.41018,44.37756,0.5
2024-10-31 08:30:00,584.6124,543,44.31561,0,546.15675,549.08595,44.419,44.41018,0.5
2024-10-31 08:44:00,573.8061,543,44.35046,1,584.6124,546.15675,44.31561,44.419,0.5
2024-10-31 08:58:00,560.93895,543,44.38796,1,573.8061,584.6124,44.35046,44.31561,0.5
2024-10-31 09:14:00,554.2827,543,44.40012,1,560.93895,573.8061,44.38796,44.35046,0.5
2024-10-31 09:30:00,545.76135,543,44.41581,1,554.2827,560.93895,44.40012,44.38796,0.5
2024-10-31 09:44:00,577.70445,543,44.3311,0,545.76135,554.2827,44.41581,44.40012,0.5
2024-10-31 10:00:00,565.99395,543,44.3562,1,577.70445,545.76135,44.3311,44.41581,0.5
2024-10-31 10:16:00,555.49005,543,44.39793,1,565.99395,577.70445,44.3562,44.3311,0.5
2024-10-31 10:28:00,544.86165,543,44.41911,1,555.49005,565.99395,44.39793,44.3562,0.5
2024-10-31 10:44:00,573.1845,543,44.3461,0,544.86165,555.49005,44.41911,44.39793,0.5
2024-10-31 10:58:00,565.70355,543,44.36767,1,573.1845,544.86165,44.3461,44.41911,0.5
2024-10-31 11:14:00,539.49735,543,44.3986,1,565.70355,573.1845,44.36767,44.3461,0.5
2024-10-31 11:30:00,547.63275,543,44.42148,0,539.49735,565.70355,44.3986,44.36767,0.5
2024-10-31 11:44:00,537.68835,543,44.44006,1,547.63275,539.49735,44.42148,44.3986,0.5
2024-10-31 12:00:00,565.84485,543,44.40781,0,537.68835,547.63275,44.44006,44.42148,0.5
2024-10-31 12:16:00,551.3133,543,44.40445,0,565.84485,537.68835,44.40781,44.44006,0.5
2024-10-31 12:28:00,537.8523,543,44.47496,1,551.3133,565.84485,44.40445,44.40781,0.5
2024-10-31 12:44:00,536.6283,543,44.45201,0,537.8523,551.3133,44.47496,44.40445,0.5
2024-10-31 13:00:00,535.6395,543,44.44459,0,536.6283,537.8523,44.45201,44.47496,0.5
2024-10-31 13:14:00,556.9569,543,44.38197,0,535.6395,536.6283,44.44459,44.45201,0.5
2024-10-31 13:30:00,551.90055,543,44.39755,1,556.9569,535.6395,44.38197,44.44459,0.5
2024-10-31 13:44:00,541.99125,543,44.4304,1,551.90055,556.9569,44.39755,44.38197,0.5
2024-10-31 14:00:00,530.31,543,44.45881,1,541.99125,551.90055,44.4304,44.39755,0.5
2024-10-31 14:14:00,555.0696,543,44.39986,0,530.31,541.99125,44.45881,44.4304,0.5
2024-10-31 14:28:00,552.97965,543,44.39899,0,555.0696,530.31,44.39986,44.45881,0.5
2024-10-31 14:44:00,542.7615,543,44.42754,1,552.97965,555.0696,44.39899,44.39986,0.5
2024-10-31 15:00:00,531.168,543,44.46262,1,542.7615,552.97965,44.42754,44.39899,0.5
2024-10-31 15:14:00,526.2186,543,44.47208,1,531.168,542.7615,44.46262,44.42754,0.5
2024-10-31 15:30:00,559.43805,543,44.38593,0,526.2186,531.168,44.47208,44.46262,0.5
2024-10-31 15:46:00,544.93035,543,44.40762,1,559.43805,526.2186,44.38593,44.47208,0.5
2024-10-31 16:00:00,539.9238,543,44.43489,1,544.93035,559.43805,44.40762,44.38593,0.5
2024-10-31 16:14:00,532.458,543,44.45175,1,539.9238,544.93035,44.43489,44.40762,0.5
2024-10-31 16:28:00,525.9168,543,44.46958,1,532.458,539.9238,44.45175,44.43489,0.5
2024-10-31 16:44:00,559.6263,543,44.38335,0,525.9168,532.458,44.46958,44.45175,0.5
2024-10-31 17:00:00,550.96365,543,44.40841,1,559.6263,525.9168,44.38335,44.46958,0.5
2024-10-31 17:14:00,542.37585,543,44.43136,1,550.96365,559.6263,44.40841,44.38335,0.5
2024-10-31 17:30:00,536.5236,543,44.44576,1,542.37585,550.96365,44.43136,44.40841,0.5
2024-10-31 17:46:00,532.4322,543,44.45108,1,536.5236,542.37585,44.44576,44.43136,0.5
2024-10-31 17:58:00,556.5525,543,44.3913,0,532.4322,536.5236,44.45108,44.44576,0.5
2024-10-31 18:14:00,550.21905,543,44.4006,1,556.5525,532.4322,44.3913,44.45108,0.5
2024-10-31 18:28:00,532.5312,543,44.45381,1,550.21905,556.5525,44.4006,44.3913,0.5
2024-10-31 18:44:00,521.23005,543,44.48349,1,532.5312,550.21905,44.45381,44.4006,0.5
2024-10-31 19:00:00,513.19875,543,44.50417,1,521.23005,532.5312,44.48349,44.45381,0.5
2024-10-31 19:14:00,547.0332,543,44.41191,0,513.19875,521.23005,44.50417,44.48349,0.5
2024-10-31 19:30:00,544.50225,543,44.43177,1,547.0332,513.19875,44.41191,44.50417,0.5
2024-10-31 19:46:00,533.7156,543,44.45117,1,544.50225,547.0332,44.43177,44.41191,0.5
2024-10-31 19:58:00,524.8098,543,44.4753,1,533.7156,544.50225,44.45117,44.43177,0.5
2024-10-31 20:14:00,513.16755,543,44.50771,1,524.8098,533.7156,44.4753,44.45117,0.5
2024-10-31 20:30:00,554.961,543,44.39487,0,513.16755,524.8098,44.50771,44.4753,0.5
2024-10-31 20:44:00,548.3028,543,44.41065,1,554.961,513.16755,44.39487,44.50771,0.5
2024-10-31 21:00:00,533.895,543,44.45106,1,548.3028,554.961,44.41065,44.39487,0.5
2024-10-31 21:14:00,527.02815,543,44.46939,1,533.895,548.3028,44.45106,44.41065,0.5
2024-10-31 21:30:00,519.59655,543,44.48921,1,527.02815,533.895,44.46939,44.45106,0.5
2024-10-31 21:44:00,550.37205,543,44.40714,0,519.59655,527.02815,44.48921,44.46939,0.5
2024-10-31 21:58:00,540.85995,543,44.4477,1,550.37205,519.59655,44.40714,44.48921,0.5
2024-10-31 22:14:00,530.757,543,44.46214,1,540.85995,550.37205,44.4477,44.40714,0.5
2024-10-31 22:30:00,518.4987,543,44.49467,1,530.757,540.85995,44.46214,44.4477,0.5
2024-10-31 22:44:00,513.4107,543,44.50479,1,518.4987,530.757,44.49467,44.46214,0.5
2024-10-31 23:00:00,552.86985,543,44.40052,0,513.4107,518.4987,44.50479,44.49467,0.5
2024-10-31 23:16:00,540.43875,543,44.43328,1,552.86985,513.4107,44.40052,44.50479,0.5
2024-10-31 23:30:00,533.7882,543,44.44549,1,540.43875,552.86985,44.43328,44.40052,0.5
2024-10-31 23:44:00,524.3559,543,44.53228,1,533.7882,540.43875,44.44549,44.43328,0.5
2024-10-31 23:58:00,514.6791,543,44.5309,0,524.3559,533.7882,44.53228,44.44549,0.5
2024-11-01 00:14:00,529.8609,543,44.45814,0,514.6791,524.3559,44.5309,44.53228,0.5
2024-11-01 00:30:00,532.5912,543,44.4599,0,529.8609,514.6791,44.45814,44.5309,0.5
2024-11-01 00:44:00,536.73585,543,44.4475,0,532.5912,529.8609,44.4599,44.45814,0.5
2024-11-01 01:00:00,526.1412,543,44.47006,1,536.73585,532.5912,44.4475,44.4599,0.5
2024-11-01 01:16:00,516.51165,543,44.49282,1,526.1412,536.73585,44.47006,44.4475,0.5
2024-11-01 01:28:00,527.65365,543,44.47053,0,516.51165,526.1412,44.49282,44.47006,0.5
2024-11-01 01:44:00,541.4997,543,44.42931,0,527.65365,516.51165,44.47053,44.49282,0.5
2024-11-01 01:58:00,534.5172,543,44.43978,1,541.4997,527.65365,44.42931,44.47053,0.5
2024-11-01 02:14:00,525.2874,543,44.48587,1,534.5172,541.4997,44.43978,44.42931,0.5
2024-11-01 02:30:00,518.6547,543,44.4965,1,525.2874,534.5172,44.48587,44.43978,0.5
2024-11-01 02:44:00,522.1794,543,44.47508,0,518.6547,525.2874,44.4965,44.48587,0.5
2024-11-01 03:00:00,541.59885,543,44.42805,0,522.1794,518.6547,44.47508,44.4965,0.5
2024-11-01 03:16:00,541.69455,543,44.43161,0,541.59885,522.1794,44.42805,44.47508,0.5
2024-11-01 03:28:00,527.7723,543,44.46878,1,541.69455,541.59885,44.43161,44.42805,0.5
2024-11-01 03:44:00,521.52795,543,44.48049,1,527.7723,541.69455,44.46878,44.43161,0.5
2024-11-01 04:00:00,562.0896,543,44.36995,0,521.52795,527.7723,44.48049,44.46878,0.5
2024-11-01 04:14:00,539.88705,543,44.40039,1,562.0896,521.52795,44.36995,44.48049,0.5
2024-11-01 04:30:00,543.3858,543,44.4301,0,539.88705,562.0896,44.40039,44.36995,0.5
2024-11-01 04:44:00,533.9856,543,44.44624,1,543.3858,539.88705,44.4301,44.40039,0.5
2024-11-01 05:00:00,527.98275,543,44.46508,1,533.9856,543.3858,44.44624,44.4301,0.5
2024-11-01 05:14:00,560.4357,543,44.3803,0,527.98275,533.9856,44.46508,44.44624,0.5
2024-11-01 05:28:00,538.452,543,44.43854,1,560.4357,527.98275,44.3803,44.46508,0.5
2024-11-01 05:44:00,544.40895,543,44.42303,0,538.452,560.4357,44.43854,44.3803,0.5
2024-11-01 06:00:00,533.1543,543,44.46248,1,544.40895,538.452,44.42303,44.43854,0.5
2024-11-01 06:14:00,525.5382,543,44.47292,1,533.1543,544.40895,44.46248,44.42303,0.5
2024-11-01 06:30:00,550.37265,543,44.4071,0,525.5382,533.1543,44.47292,44.46248,0.5
2024-11-01 06:46:00,544.8753,543,44.40439,0,550.37265,525.5382,44.4071,44.47292,0.5
2024-11-01 07:00:00,533.0247,543,44.4395,1,544.8753,550.37265,44.40439,44.4071,0.5
2024-11-01 07:14:00,532.84425,543,44.46048,1,533.0247,544.8753,44.4395,44.40439,0.5
2024-11-01 07:28:00,564.81975,543,44.3686,0,532.84425,533.0247,44.46048,44.4395,0.5
2024-11-01 07:44:00,552.2472,543,44.4021,1,564.81975,532.84425,44.3686,44.46048,0.5
2024-11-01 08:00:00,548.5281,543,44.41224,1,552.2472,564.81975,44.4021,44.3686,0.5
2024-11-01 08:14:00,536.30475,543,44.44165,1,548.5281,552.2472,44.41224,44.4021,0.5
2024-11-01 08:30:00,529.20705,543,44.46025,1,536.30475,548.5281,44.44165,44.41224,0.5
2024-11-01 08:46:00,559.9605,543,44.38623,0,529.20705,536.30475,44.46025,44.44165,0.5
2024-11-01 08:58:00,555.1044,543,44.40616,1,559.9605,529.20705,44.38623,44.46025,0.5
2024-11-01 09:14:00,534.73875,543,44.44701,1,555.1044,559.9605,44.40616,44.38623,0.5
2024-11-01 09:28:00,534.9936,543,44.45326,0,534.73875,555.1044,44.44701,44.40616,0.5
2024-11-01 09:44:00,510.6198,543,44.51159,1,534.9936,534.73875,44.45326,44.44701,0.5
2024-11-01 10:00:00,547.0071,543,44.41728,0,510.6198,534.9936,44.51159,44.45326,0.5
2024-11-01 10:14:00,506.2011,543,44.5238,1,547.0071,510.6198,44.41728,44.51159,0.5
2024-11-01 10:30:00,479.0652,543,45.99658,1,506.2011,547.0071,44.5238,44.41728,0.5
2024-11-01 10:46:00,486.1887,543,49.81952,1,479.0652,506.2011,45.99658,44.5238,0.5
2024-11-01 10:58:00,519.36615,543,50.30236,1,486.1887,479.0652,49.81952,45.99658,0.5
2024-11-01 11:14:00,494.5146,543,50.36288,1,519.36615,486.1887,50.30236,49.81952,0.5
2024-11-01 11:30:00,512.3877,543,50.89892,1,494.5146,519.36615,50.36288,50.30236,0.5
2024-11-01 11:44:00,508.5879,543,50.93899,1,512.3877,494.5146,50.89892,50.36288,0.5
2024-11-01 12:00:00,500.9214,543,51.53749,1,508.5879,512.3877,50.93899,50.89892,0.5
2024-11-01 12:14:00,505.38495,543,52.12703,1,500.9214,508.5879,51.53749,50.93899,0.5
2024-11-01 12:30:00,502.7286,543,53.59671,1,505.38495,500.9214,52.12703,51.53749,0.5
2024-11-01 12:44:00,487.75035,543,54.21635,1,502.7286,505.38495,53.59671,52.12703,0.5
2024-11-01 12:58:00,509.7777,543,55.6423,1,487.75035,502.7286,54.21635,53.59671,0.5
2024-11-01 13:14:00,510.7566,543,58.43777,1,509.7777,487.75035,55.6423,54.21635,0.5
2024-11-01 13:30:00,479.13105,543,66.12701,1,510.7566,509.7777,58.43777,55.6423,0.5
2024-11-01 13:44:00,0.0,543,100.0,1,479.13105,510.7566,66.12701,58.43777,0.5
2024-11-01 14:00:00,0.0,543,100.0,1,0.0,479.13105,100.0,66.12701,0.5
2024-11-01 14:44:00,607.07475,543,47.78658,0,0.0,0.0,100.0,100.0,0.5
2024-11-01 14:58:00,557.4297,543,45.71022,0,607.07475,0.0,47.78658,100.0,0.5
2024-11-01 15:14:00,537.7002,543,45.76697,1,557.4297,607.07475,45.71022,47.78658,0.5
2024-11-01 15:30:00,522.9849,543,45.80622,1,537.7002,557.4297,45.76697,45.71022,0.5
2024-11-01 15:44:00,516.3738,543,45.82545,1,522.9849,537.7002,45.80622,45.76697,0.5
2024-11-01 16:00:00,516.9843,543,45.82498,0,516.3738,522.9849,45.82545,45.80622,0.5
2024-11-01 16:16:00,514.76385,543,45.8281,1,516.9843,516.3738,45.82498,45.82545,0.5
2024-11-01 16:28:00,525.2778,543,45.80485,0,514.76385,516.9843,45.8281,45.82498,0.5
2024-11-01 16:44:00,499.89705,543,45.85911,1,525.2778,514.76385,45.80485,45.8281,0.5
2024-11-01 16:58:00,496.3932,543,47.95742,1,499.89705,525.2778,45.85911,45.80485,0.5
2024-11-01 17:14:00,525.0153,543,47.88861,0,496.3932,499.89705,47.95742,45.85911,0.5
2024-11-01 17:30:00,531.49065,543,47.86526,0,525.0153,496.3932,47.88861,47.95742,0.5
2024-11-01 17:44:00,530.78595,543,47.86949,1,531.49065,525.0153,47.86526,47.88861,0.5
2024-11-01 18:00:00,517.9272,543,47.89279,1,530.78595,531.49065,47.86949,47.86526,0.5
2024-11-01 18:16:00,528.1278,543,50.97045,0,517.9272,530.78595,47.89279,47.86949,0.5
2024-11-01 18:28:00,561.5025,543,50.90991,0,528.1278,517.9272,50.97045,47.89279,0.5
2024-11-01 18:44:00,554.25735,543,50.89999,0,561.5025,528.1278,50.90991,50.97045,0.5
2024-11-01 19:00:00,558.7617,543,50.88442,0,554.25735,561.5025,50.89999,50.90991,0.5
2024-11-01 19:14:00,584.5032,543,46.84387,0,558.7617,554.25735,50.88442,50.89999,0.5
2024-11-01 19:30:00,544.9716,543,46.92785,1,584.5032,558.7617,46.84387,50.88442,0.5
2024-11-01 19:44:00,552.47055,543,46.90042,0,544.9716,584.5032,46.92785,46.84387,0.5
2024-11-01 20:00:00,555.73275,543,46.87458,0,552.47055,544.9716,46.90042,46.92785,0.5
2024-11-01 20:14:00,561.3243,543,46.9108,0,555.73275,552.47055,46.87458,46.90042,0.5
2024-11-01 20:28:00,551.11275,543,46.08385,0,561.3243,555.73275,46.9108,46.87458,0.5
2024-11-01 20:44:00,522.7086,543,46.40219368,1,551.11275,561.3243,46.08385,46.9108,0.5
2024-11-01 21:00:00,526.88685,543,46.15486,0,522.7086,551.11275,46.40219368,46.08385,0.5
2024-11-01 21:14:00,536.5404222,543,46.16428,0,526.88685,522.7086,46.15486,46.40219368,0.5
2024-11-01 21:30:00,567.64905,543,46.40219368,0,536.5404222,526.88685,46.16428,46.15486,0.5
2024-11-01 21:46:00,536.5404222,543,45.81068,0,567.64905,536.5404222,46.40219368,46.16428,0.5
2024-11-01 22:00:00,526.45365,543,46.40219368,1,536.5404222,567.64905,45.81068,46.40219368,0.5
2024-11-01 22:14:00,521.22345,543,45.88171,0,526.45365,536.5404222,46.40219368,45.81068,0.5
2024-11-01 22:28:00,517.0158,543,45.89699,1,521.22345,526.45365,45.88171,46.40219368,0.5
2024-11-01 22:44:00,567.67125,543,45.48336,0,517.0158,521.22345,45.89699,45.88171,0.5
2024-11-01 23:00:00,544.3905,543,45.55453,1,567.67125,517.0158,45.48336,45.89699,0.5
2024-11-01 23:14:00,527.42985,543,46.40219368,1,544.3905,567.67125,45.55453,45.48336,0.5
2024-11-01 23:30:00,517.37415,543,46.40219368,1,527.42985,544.3905,46.40219368,45.55453,0.5
2024-11-01 23:58:00,552.2853,543,45.26376,0,517.37415,527.42985,46.40219368,46.40219368,0.5
2024-11-02 00:28:00,526.9152,543,45.32938,1,552.2853,517.37415,45.26376,46.40219368,0.5
2024-11-02 00:44:00,565.5552,543,44.96767,0,526.9152,552.2853,45.32938,45.26376,0.5
2024-11-02 01:00:00,543.57705,543,45.01677,1,565.5552,526.9152,44.96767,45.32938,0.5
2024-11-02 01:14:00,525.52485,543,45.06576,1,543.57705,565.5552,45.01677,44.96767,0.5
2024-11-02 01:30:00,515.9805,543,45.09512,1,525.52485,543.57705,45.06576,45.01677,0.5
2024-11-02 01:46:00,578.50695,543,44.92857,0,515.9805,525.52485,45.09512,45.06576,0.5
2024-11-02 01:58:00,556.37505,543,44.98051,1,578.50695,515.9805,44.92857,45.09512,0.5
2024-11-02 02:14:00,540.88245,543,45.02814,1,556.37505,578.50695,44.98051,44.92857,0.5
2024-11-02 02:30:00,534.1443,543,45.04396,1,540.88245,556.37505,45.02814,44.98051,0.5
2024-11-02 02:44:00,524.52015,543,45.06615,1,534.1443,540.88245,45.04396,45.02814,0.5
2024-11-02 03:00:00,561.7212,543,44.96761,0,524.52015,534.1443,45.06615,45.04396,0.5
2024-11-02 03:14:00,551.22885,543,44.99721,1,561.7212,524.52015,44.96761,45.06615,0.5
2024-11-02 03:30:00,526.7664,543,45.05818,1,551.22885,561.7212,44.99721,44.96761,0.5
2024-11-02 03:44:00,516.5907,543,45.08899,1,526.7664,551.22885,45.05818,44.99721,0.5
2024-11-02 03:58:00,543.981,543,45.01851,0,516.5907,526.7664,45.08899,45.05818,0.5
2024-11-02 04:14:00,556.3128,543,44.97501,0,543.981,516.5907,45.01851,45.08899,0.5
2024-11-02 04:30:00,531.98565,543,45.02785,1,556.3128,543.981,44.97501,45.01851,0.5
2024-11-02 04:44:00,528.4179,543,45.04961,1,531.98565,556.3128,45.02785,44.97501,0.5
2024-11-02 05:00:00,526.1571,543,45.06371,1,528.4179,531.98565,45.04961,45.02785,0.5
2024-11-02 05:16:00,574.93905,543,44.93193,0,526.1571,528.4179,45.06371,45.04961,0.5
2024-11-02 05:30:00,560.3166,543,44.97598,1,574.93905,526.1571,44.93193,45.06371,0.5
2024-11-02 05:44:00,539.2074,543,45.02998,1,560.3166,574.93905,44.97598,44.93193,0.5
2024-11-02 05:58:00,527.78775,543,45.0579,1,539.2074,560.3166,45.02998,44.97598,0.5
2024-11-02 06:14:00,520.59495,543,45.08462,1,527.78775,539.2074,45.0579,45.02998,0.5
2024-11-02 06:30:00,514.467,543,45.09241,1,520.59495,527.78775,45.08462,45.0579,0.5
2024-11-02 06:44:00,546.30135,543,44.99909,0,514.467,520.59495,45.09241,45.08462,0.5
2024-11-02 07:00:00,529.2939,543,45.05429,1,546.30135,514.467,44.99909,45.09241,0.5
2024-11-02 07:16:00,515.89665,543,45.08435,1,529.2939,546.30135,45.05429,44.99909,0.5
2024-11-02 07:28:00,508.6305,543,45.1101,1,515.89665,529.2939,45.08435,45.05429,0.5
2024-11-02 07:44:00,525.948,543,45.35163,0,508.6305,515.89665,45.1101,45.08435,0.5
2024-11-02 07:58:00,557.30745,543,45.26552,0,525.948,508.6305,45.35163,45.1101,0.5
2024-11-02 08:14:00,541.41255,543,45.30465,1,557.30745,525.948,45.26552,45.35163,0.5
2024-11-02 08:30:00,525.24015,543,45.35168,1,541.41255,557.30745,45.30465,45.26552,0.5
2024-11-02 08:44:00,507.51,543,45.39426,1,525.24015,541.41255,45.35168,45.30465,0.5
2024-11-02 09:00:00,577.15215,543,45.2141,0,507.51,525.24015,45.39426,45.35168,0.5
2024-11-02 09:16:00,563.6433,543,45.24629,1,577.15215,507.51,45.2141,45.39426,0.5
2024-11-02 09:28:00,546.06225,543,45.3059,1,563.6433,577.15215,45.24629,45.2141,0.5
2024-11-02 09:44:00,531.9393,543,45.33771,1,546.06225,563.6433,45.3059,45.24629,0.5
2024-11-02 10:00:00,524.93505,543,45.37252,1,531.9393,546.06225,45.33771,45.3059,0.5
2024-11-02 10:14:00,574.82685,543,45.22085,0,524.93505,531.9393,45.37252,45.33771,0.5
2024-11-02 10:30:00,557.26635,543,45.26654,1,574.82685,524.93505,45.22085,45.37252,0.5
2024-11-02 10:44:00,543.99195,543,45.30425,1,557.26635,574.82685,45.26654,45.22085,0.5
2024-11-02 11:00:00,531.8451,543,45.33769,1,543.99195,557.26635,45.30425,45.26654,0.5
2024-11-02 11:14:00,540.4089,543,45.30419,0,531.8451,543.99195,45.33769,45.30425,0.5
2024-11-02 11:28:00,568.28385,543,45.22894,0,540.4089,531.8451,45.30419,45.33769,0.5
2024-11-02 11:44:00,541.4364,543,45.3069,1,568.28385,540.4089,45.22894,45.30419,0.5
2024-11-02 12:00:00,530.9532,543,45.33689,1,541.4364,568.28385,45.3069,45.22894,0.5
2024-11-02 12:14:00,522.4092,543,45.35572,1,530.9532,541.4364,45.33689,45.3069,0.5
2024-11-02 12:30:00,512.73915,543,45.38278,1,522.4092,530.9532,45.35572,45.33689,0.5
2024-11-02 12:46:00,550.47975,543,45.3177,0,512.73915,522.4092,45.38278,45.35572,0.5
2024-11-02 13:00:00,531.09375,543,45.33704,1,550.47975,512.73915,45.3177,45.38278,0.5
2024-11-02 13:14:00,525.95565,543,45.35075,1,531.09375,550.47975,45.33704,45.3177,0.5
2024-11-02 13:28:00,500.63835,543,45.36779,1,525.95565,531.09375,45.35075,45.33704,0.5
2024-11-02 13:44:00,502.1853,543,45.41294,0,500.63835,525.95565,45.36779,45.35075,0.5
2024-11-02 14:00:00,568.55505,543,45.50518,0,502.1853,500.63835,45.41294,45.36779,0.5
2024-11-02 14:14:00,539.75265,543,45.58588,1,568.55505,502.1853,45.50518,45.41294,0.5
2024-11-02 14:30:00,519.654,543,45.63883,1,539.75265,568.55505,45.58588,45.50518,0.5
2024-11-02 14:46:00,514.62195,543,45.64962,1,519.654,539.75265,45.63883,45.58588,0.5
2024-11-02 15:00:00,501.58215,543,45.68162,1,514.62195,519.654,45.64962,45.63883,0.5
2024-11-02 15:14:00,516.5412,543,45.92996,0,501.58215,514.62195,45.68162,45.64962,0.5
2024-11-02 15:28:00,548.5836,543,45.85574,0,516.5412,501.58215,45.92996,45.68162,0.5
2024-11-02 15:44:00,530.73375,543,45.89848,1,548.5836,516.5412,45.85574,45.92996,0.5
2024-11-02 16:00:00,510.4455,543,45.94624,1,530.73375,548.5836,45.89848,45.85574,0.5
2024-11-02 16:14:00,500.14815,543,46.24292,1,510.4455,530.73375,45.94624,45.89848,0.5
2024-11-02 16:30:00,485.628,543,48.36282,1,500.14815,510.4455,46.24292,45.94624,0.5
2024-11-02 16:46:00,560.2689,543,50.1375,0,485.628,500.14815,48.36282,46.24292,0.5
2024-11-02 16:58:00,552.51585,543,50.14921,1,560.2689,485.628,50.1375,48.36282,0.5
2024-11-02 17:14:00,539.8581,543,50.17553,1,552.51585,560.2689,50.14921,50.1375,0.5
2024-11-02 17:30:00,523.74045,543,50.21736,1,539.8581,552.51585,50.17553,50.14921,0.5
2024-11-02 17:44:00,495.49305,543,50.29267,1,523.74045,539.8581,50.21736,50.17553,0.5
2024-11-02 18:00:00,507.92055,543,50.29652,0,495.49305,523.74045,50.29267,50.21736,0.5
2024-11-02 18:16:00,568.54365,543,50.09626,0,507.92055,495.49305,50.29652,50.29267,0.5
2024-11-02 18:30:00,553.0734,543,50.13675,1,568.54365,507.92055,50.09626,50.29652,0.5
2024-11-02 18:44:00,537.85155,543,50.18803,1,553.0734,568.54365,50.13675,50.09626,0.5
2024-11-02 18:58:00,525.738,543,50.20852,1,537.85155,553.0734,50.18803,50.13675,0.5
2024-11-02 19:14:00,506.49525,543,50.28222,1,525.738,537.85155,50.20852,50.18803,0.5
2024-11-02 19:30:00,514.3776,543,50.51699,0,506.49525,525.738,50.28222,50.20852,0.5
2024-11-02 19:44:00,497.23665,543,51.11037,1,514.3776,506.49525,50.51699,50.28222,0.5
2024-11-02 20:00:00,501.2682,543,51.68842,0,497.23665,514.3776,51.11037,50.51699,0.5
2024-11-02 20:16:00,520.9524,543,52.22967,0,501.2682,497.23665,51.68842,51.11037,0.5
2024-11-02 20:30:00,524.45835,543,52.2105,0,520.9524,501.2682,52.22967,51.68842,0.5
2024-11-02 20:44:00,499.6032,543,52.83322,1,524.45835,520.9524,52.2105,52.22967,0.5
2024-11-02 20:58:00,498.40695,543,53.74363,1,499.6032,524.45835,52.83322,52.2105,0.5
2024-11-02 21:14:00,487.77165,543,54.63677,1,498.40695,499.6032,53.74363,52.83322,0.5
2024-11-02 21:30:00,518.24325,543,57.22775,0,487.77165,498.40695,54.63677,53.74363,0.5
2024-11-02 21:44:00,580.88805,543,45.54921,0,518.24325,487.77165,57.22775,54.63677,0.5
2024-11-02 22:00:00,549.7782,543,45.12656,0,580.88805,518.24325,45.54921,57.22775,0.5
2024-11-02 22:16:00,507.6726,543,45.23597,1,549.7782,580.88805,45.12656,45.54921,0.5
2024-11-02 22:28:00,501.94125,543,45.25837,1,507.6726,549.7782,45.23597,45.12656,0.5
2024-11-02 22:44:00,507.2016,543,45.24811,0,501.94125,507.6726,45.25837,45.23597,0.5
2024-11-02 22:58:00,500.25945,543,45.54603,1,507.2016,501.94125,45.24811,45.25837,0.5
2024-11-02 23:14:00,504.86085,543,45.53405,0,500.25945,507.2016,45.54603,45.24811,0.5
2024-11-02 23:30:00,507.8889,543,45.53033,0,504.86085,500.25945,45.53405,45.54603,0.5
2024-11-02 23:44:00,516.50805,543,45.50951,0,507.8889,504.86085,45.53033,45.53405,0.5
2024-11-03 00:00:00,505.67115,543,50.57343,1,516.50805,507.8889,45.50951,45.53033,0.5
2024-11-03 00:16:00,510.8148,543,50.56116,0,505.67115,516.50805,50.57343,45.50951,0.5
2024-11-03 00:28:00,524.3298,543,50.52049,0,510.8148,505.67115,50.56116,50.57343,0.5
2024-11-03 00:44:00,522.5394,543,50.52399,1,524.3298,510.8148,50.52049,50.56116,0.5
2024-11-03 01:00:00,549.9672,543,50.45528,0,522.5394,524.3298,50.52399,50.52049,0.5
2024-11-03 01:14:00,497.6523,543,50.58996,1,549.9672,522.5394,50.45528,50.52399,0.5
2024-11-03 01:30:00,509.36385,543,50.8644,0,497.6523,549.9672,50.58996,50.45528,0.5
2024-11-03 01:46:00,525.8451,543,50.8181,0,509.36385,497.6523,50.8644,50.58996,0.5
2024-11-03 02:00:00,513.35145,543,51.14571,1,525.8451,509.36385,50.8181,50.8644,0.5
2024-11-03 02:14:00,492.6243,543,51.18159,1,513.35145,525.8451,51.14571,50.8181,0.5
2024-11-03 02:30:00,562.9053,543,50.99078,0,492.6243,513.35145,51.18159,51.14571,0.5
2024-11-03 02:46:00,544.40505,543,51.04427,1,562.9053,492.6243,50.99078,51.18159,0.5
2024-11-03 03:00:00,521.73825,543,51.10007,1,544.40505,562.9053,51.04427,50.99078,0.5
2024-11-03 03:14:00,514.9713,543,51.14229,1,521.73825,544.40505,51.10007,51.04427,0.5
2024-11-03 03:32:00,522.64545,543,51.09397,0,514.9713,521.73825,51.14229,51.10007,0.5
2024-11-03 03:44:00,581.5911,543,45.88813,0,522.64545,514.9713,51.09397,51.14229,0.5
2024-11-03 04:00:00,554.27145,543,45.96754,1,581.5911,522.64545,45.88813,51.09397,0.5
2024-11-03 04:14:00,534.3756,543,46.0138,1,554.27145,581.5911,45.96754,45.88813,0.5
2024-11-03 04:30:00,528.25665,543,46.0332,1,534.3756,554.27145,46.0138,45.96754,0.5
2024-11-03 04:46:00,605.02305,543,45.28056,0,528.25665,534.3756,46.0332,46.0138,0.5
2024-11-03 04:58:00,542.7177,543,45.44196,1,605.02305,528.25665,45.28056,46.0332,0.5
2024-11-03 05:14:00,524.24145,543,45.49268,1,542.7177,605.02305,45.44196,45.28056,0.5
2024-11-03 05:30:00,519.4368,543,45.50717,1,524.24145,542.7177,45.49268,45.44196,0.5
2024-11-03 05:44:00,585.7167,543,45.32781,0,519.4368,524.24145,45.50717,45.49268,0.5
2024-11-03 06:00:00,557.8485,543,45.4026,1,585.7167,519.4368,45.32781,45.50717,0.5
2024-11-03 06:14:00,534.35715,543,45.46075,1,557.8485,585.7167,45.4026,45.32781,0.5
2024-11-03 06:30:00,531.0645,543,45.53638,1,534.35715,557.8485,45.46075,45.4026,0.5
2024-11-03 06:44:00,589.52355,543,45.3154,0,531.0645,534.35715,45.53638,45.46075,0.5
2024-11-03 06:58:00,561.3579,543,45.39259,1,589.52355,531.0645,45.3154,45.53638,0.5
2024-11-03 07:14:00,541.30125,543,45.44843,1,561.3579,589.52355,45.39259,45.3154,0.5
2024-11-03 07:30:00,534.99135,543,45.47672,1,541.30125,561.3579,45.44843,45.39259,0.5
2024-11-03 07:44:00,571.4022,543,45.33365,0,534.99135,541.30125,45.47672,45.44843,0.5
2024-11-03 08:00:00,556.68495,543,45.4007,1,571.4022,534.99135,45.33365,45.47672,0.5
2024-11-03 08:16:00,543.6246,543,45.44448,1,556.68495,571.4022,45.4007,45.33365,0.5
2024-11-03 08:30:00,546.91455,543,45.44075,0,543.6246,556.68495,45.44448,45.4007,0.5
2024-11-03 08:44:00,555.4002,543,45.40921,0,546.91455,543.6246,45.44075,45.44448,0.5
2024-11-03 08:58:00,570.1203,543,45.10887,0,555.4002,546.91455,45.40921,45.44075,0.5
2024-11-03 09:14:00,561.5613,543,45.11847,1,570.1203,555.4002,45.10887,45.40921,0.5
2024-11-03 09:30:00,543.13065,543,45.17143,1,561.5613,570.1203,45.11847,45.10887,0.5
2024-11-03 09:44:00,546.546,543,45.16,0,543.13065,561.5613,45.17143,45.11847,0.5
2024-11-03 10:00:00,519.6225,543,45.2325,1,546.546,543.13065,45.16,45.17143,0.5
2024-11-03 10:16:00,554.66355,543,45.13925,0,519.6225,546.546,45.2325,45.16,0.5
2024-11-03 10:30:00,531.1629,543,45.20107,1,554.66355,519.6225,45.13925,45.2325,0.5
2024-11-03 10:44:00,518.9598,543,45.23412,1,531.1629,554.66355,45.20107,45.13925,0.5
2024-11-03 10:58:00,517.3344,543,45.24451,1,518.9598,531.1629,45.23412,45.20107,0.5
2024-11-03 11:14:00,519.0168,543,45.24604,0,517.3344,518.9598,45.24451,45.23412,0.5
2024-11-03 11:30:00,564.4935,543,45.11248,0,519.0168,517.3344,45.24604,45.24451,0.5
2024-11-03 11:44:00,540.0471,543,45.17698,1,564.4935,519.0168,45.11248,45.24604,0.5
2024-11-03 12:00:00,524.14995,543,45.22112,1,540.0471,564.4935,45.17698,45.11248,0.5
2024-11-03 12:16:00,522.77955,543,45.22491,1,524.14995,540.0471,45.22112,45.17698,0.5
2024-11-03 12:28:00,559.5627,543,45.12011,0,522.77955,524.14995,45.22491,45.22112,0.5
2024-11-03 12:44:00,544.91715,543,45.16753,1,559.5627,522.77955,45.12011,45.22491,0.5
2024-11-03 13:00:00,522.22695,543,45.22787,1,544.91715,559.5627,45.16753,45.12011,0.5
2024-11-03 13:14:00,521.2599,543,45.22885,1,522.22695,544.91715,45.22787,45.16753,0.5
2024-11-03 13:30:00,518.49555,543,45.23884,1,521.2599,522.22695,45.22885,45.22787,0.5
2024-11-03 13:44:00,560.90685,543,45.11899,0,518.49555,521.2599,45.23884,45.22885,0.5
2024-11-03 14:00:00,542.3235,543,45.17493,1,560.90685,518.49555,45.11899,45.23884,0.5
2024-11-03 14:14:00,527.44455,543,45.2101,1,542.3235,560.90685,45.17493,45.11899,0.5
2024-11-03 14:28:00,522.6012,543,45.22361,1,527.44455,542.3235,45.2101,45.17493,0.5
2024-11-03 14:44:00,538.7664,543,45.18758,0,522.6012,527.44455,45.22361,45.2101,0.5
2024-11-03 15:00:00,536.61825,543,45.18509,0,538.7664,522.6012,45.18758,45.22361,0.5
2024-11-03 15:14:00,524.2167,543,45.22223,1,536.61825,538.7664,45.18509,45.18758,0.5
2024-11-03 15:30:00,512.343,543,45.2546,1,524.2167,536.61825,45.22223,45.18509,0.5
2024-11-03 15:46:00,497.757,543,45.90023,1,512.343,524.2167,45.2546,45.22223,0.5
2024-11-03 16:00:00,496.20435,543,46.9798,1,497.757,512.343,45.90023,45.2546,0.5
2024-11-03 16:14:00,530.4126,543,47.1743,0,496.20435,497.757,46.9798,45.90023,0.5
2024-11-03 16:28:00,518.8506,543,47.19814,1,530.4126,496.20435,47.1743,46.9798,0.5
2024-11-03 16:44:00,505.70025,543,47.26424,1,518.8506,530.4126,47.19814,47.1743,0.5
2024-11-03 17:00:00,500.4009,543,47.52187,1,505.70025,518.8506,47.26424,47.19814,0.5
2024-11-03 17:14:00,488.8578,543,47.80735,1,500.4009,505.70025,47.52187,47.26424,0.5
2024-11-03 17:30:00,547.63755,543,47.94075,0,488.8578,500.4009,47.80735,47.52187,0.5
2024-11-03 17:46:00,532.34085,543,47.98154,1,547.63755,488.8578,47.94075,47.80735,0.5
2024-11-03 17:58:00,516.80685,543,48.02772,1,532.34085,547.63755,47.98154,47.94075,0.5
2024-11-03 18:14:00,497.56995,543,48.34171,1,516.80685,532.34085,48.02772,47.98154,0.5
2024-11-03 18:28:00,505.4586,543,48.59604,0,497.56995,516.80685,48.34171,48.02772,0.5
2024-11-03 18:44:00,548.3124,543,48.48431,0,505.4586,497.56995,48.59604,48.34171,0.5
2024-11-03 19:00:00,532.50135,543,48.52655,1,548.3124,505.4586,48.48431,48.59604,0.5
2024-11-03 19:14:00,518.26845,543,48.5619,1,532.50135,548.3124,48.52655,48.48431,0.5
2024-11-03 19:30:00,515.5797,543,48.56906,1,518.26845,532.50135,48.5619,48.52655,0.5
2024-11-03 19:46:00,504.8571,543,48.59532,1,515.5797,518.26845,48.56906,48.5619,0.5
2024-11-03 19:58:00,561.8703,543,48.44236,0,504.8571,515.5797,48.59532,48.56906,0.5
2024-11-03 20:14:00,536.87775,543,48.5289,1,561.8703,504.8571,48.44236,48.59532,0.5
2024-11-03 20:30:00,530.30325,543,48.53143,1,536.87775,561.8703,48.5289,48.44236,0.5
2024-11-03 20:44:00,528.14445,543,48.50299,0,530.30325,536.87775,48.53143,48.5289,0.5
2024-11-03 21:00:00,534.6027,543,48.52103,0,528.14445,530.30325,48.50299,48.53143,0.5
2024-11-03 21:14:00,555.1104,543,48.46711,0,534.6027,528.14445,48.52103,48.50299,0.5
2024-11-03 21:30:00,552.0495,543,48.47992,1,555.1104,534.6027,48.46711,48.52103,0.5
2024-11-03 21:44:00,542.04045,543,48.50512,1,552.0495,555.1104,48.47992,48.46711,0.5
2024-11-03 21:58:00,536.2068,543,48.51185,1,542.04045,552.0495,48.50512,48.47992,0.5
2024-11-03 22:14:00,584.32335,543,48.38885,0,536.2068,542.04045,48.51185,48.50512,0.5
2024-11-03 22:30:00,564.80535,543,48.43473,1,584.32335,536.2068,48.38885,48.51185,0.5
2024-11-03 22:44:00,551.2857,543,48.47052,1,564.80535,584.32335,48.43473,48.38885,0.5
2024-11-03 23:00:00,535.2543,543,48.50866,1,551.2857,564.80535,48.47052,48.43473,0.5
2024-11-03 23:16:00,563.7723,543,48.44466,0,535.2543,551.2857,48.50866,48.47052,0.5
2024-11-03 23:30:00,567.93975,543,48.43311,0,563.7723,535.2543,48.44466,48.50866,0.5
2024-11-03 23:44:00,561.00645,543,48.46515,1,567.93975,563.7723,48.43311,48.44466,0.5
2024-11-03 23:58:00,544.85625,543,48.48067,1,561.00645,567.93975,48.46515,48.43311,0.5
2024-11-04 00:14:00,539.5203,543,48.50217,1,544.85625,561.00645,48.48067,48.46515,0.5
2024-11-04 00:30:00,596.784,543,48.35249,0,539.5203,544.85625,48.50217,48.48067,0.5
2024-11-04 00:44:00,567.38595,543,48.41474,1,596.784,539.5203,48.35249,48.50217,0.5
2024-11-04 01:00:00,561.9126,543,48.44249,1,567.38595,596.784,48.41474,48.35249,0.5
2024-11-04 01:16:00,569.5119,543,48.41862,0,561.9126,567.38595,48.44249,48.41474,0.5
2024-11-04 01:28:00,557.54775,543,48.44144,1,569.5119,561.9126,48.41862,48.44249,0.5
2024-11-04 01:44:00,584.1561,543,48.37926,0,557.54775,569.5119,48.44144,48.41862,0.5
2024-11-04 01:58:00,563.24265,543,48.44101,1,584.1561,557.54775,48.37926,48.44144,0.5
2024-11-04 02:14:00,551.2413,543,48.47587,1,563.24265,584.1561,48.44101,48.37926,0.5
2024-11-04 02:30:00,543.4281,543,48.49706,1,551.2413,563.24265,48.47587,48.44101,0.5
2024-11-04 02:44:00,533.8845,543,48.51442,1,543.4281,551.2413,48.49706,48.47587,0.5
2024-11-04 03:00:00,576.83265,543,45.24881,0,533.8845,543.4281,48.51442,48.49706,0.5
2024-11-04 03:16:00,556.1961,543,45.30029,1,576.83265,533.8845,45.24881,48.51442,0.5
2024-11-04 03:28:00,545.49255,543,45.33076,1,556.1961,576.83265,45.30029,45.24881,0.5
2024-11-04 03:44:00,531.6552,543,45.36765,1,545.49255,556.1961,45.33076,45.30029,0.5
2024-11-04 04:00:00,517.76475,543,45.40186,1,531.6552,545.49255,45.36765,45.33076,0.5
2024-11-04 04:14:00,570.3327,543,45.26251,0,517.76475,531.6552,45.40186,45.36765,0.5
2024-11-04 04:30:00,552.11595,543,45.31102,1,570.3327,517.76475,45.26251,45.40186,0.5
2024-11-04 04:44:00,544.66305,543,45.32977,1,552.11595,570.3327,45.31102,45.26251,0.5
2024-11-04 05:00:00,532.62255,543,45.37751,1,544.66305,552.11595,45.32977,45.31102,0.5
2024-11-04 05:14:00,513.7419,543,45.41756,1,532.62255,544.66305,45.37751,45.32977,0.5
2024-11-04 05:28:00,571.7592,543,45.25517,0,513.7419,532.62255,45.41756,45.37751,0.5
2024-11-04 05:44:00,555.9066,543,45.3014,1,571.7592,513.7419,45.25517,45.41756,0.5
2024-11-04 06:00:00,553.9974,543,45.30816,1,555.9066,571.7592,45.3014,45.25517,0.5
2024-11-04 06:14:00,539.79615,543,45.3447,1,553.9974,555.9066,45.30816,45.3014,0.5
2024-11-04 06:30:00,527.1108,543,45.3951,1,539.79615,553.9974,45.3447,45.30816,0.5
2024-11-04 06:46:00,588.70065,543,45.21645,0,527.1108,539.79615,45.3951,45.3447,0.5
2024-11-04 07:00:00,563.6433,543,45.28114,1,588.70065,527.1108,45.21645,45.3951,0.5
2024-11-04 07:16:00,562.3632,543,45.28387,1,563.6433,588.70065,45.28114,45.21645,0.5
2024-11-04 07:28:00,550.80135,543,45.31602,1,562.3632,563.6433,45.28387,45.28114,0.5
2024-11-04 07:44:00,527.6949,543,45.39014,1,550.80135,562.3632,45.31602,45.28387,0.5
2024-11-04 08:00:00,587.9343,543,45.21858,0,527.6949,550.80135,45.39014,45.31602,0.5
2024-11-04 08:14:00,567.71175,543,45.2751,1,587.9343,527.6949,45.21858,45.39014,0.5
2024-11-04 08:30:00,539.1462,543,45.34265,1,567.71175,587.9343,45.2751,45.21858,0.5
2024-11-04 08:46:00,515.09355,543,45.40733,1,539.1462,567.71175,45.34265,45.2751,0.5
2024-11-04 08:58:00,476.38005,543,45.76357,1,515.09355,539.1462,45.40733,45.34265,0.5
2024-11-04 09:14:00,510.11085,543,50.4033,0,476.38005,515.09355,45.76357,45.40733,0.5
2024-11-04 09:28:00,496.78365,543,50.43511,1,510.11085,476.38005,50.4033,45.76357,0.5
2024-11-04 09:44:00,507.57915,543,50.72245,0,496.78365,510.11085,50.43511,50.4033,0.5
2024-11-04 10:00:00,505.88805,543,51.02652,1,507.57915,496.78365,50.72245,50.43511,0.5
2024-11-04 10:14:00,611.36115,543,48.7542,0,505.88805,507.57915,51.02652,50.72245,0.5
2024-11-04 10:30:00,564.3642,543,45.10574,0,611.36115,505.88805,48.7542,51.02652,0.5
2024-11-04 10:46:00,550.2843,543,45.14709,1,564.3642,611.36115,45.10574,48.7542,0.5
2024-11-04 10:58:00,533.3601,543,45.19249,1,550.2843,564.3642,45.14709,45.10574,0.5
2024-11-04 11:14:00,540.56385,543,45.17329,0,533.3601,550.2843,45.19249,45.14709,0.5
2024-11-04 11:30:00,540.57285,543,45.17775,0,540.56385,533.3601,45.17329,45.19249,0.5
2024-11-04 11:44:00,563.63655,543,45.11083,0,540.57285,540.56385,45.17775,45.17329,0.5
2024-11-04 12:00:00,529.53075,543,45.20321,1,563.63655,540.57285,45.11083,45.17775,0.5
2024-11-04 12:14:00,526.57365,543,45.21619,1,529.53075,563.63655,45.20321,45.11083,0.5
2024-11-04 12:30:00,520.9857,543,45.21997,1,526.57365,529.53075,45.21619,45.20321,0.5
2024-11-04 12:44:00,521.27715,543,45.22414,0,520.9857,526.57365,45.21997,45.21619,0.5
2024-11-04 12:58:00,547.41495,543,45.1476,0,521.27715,520.9857,45.22414,45.21997,0.5
2024-11-04 13:14:00,528.98685,543,45.21089,1,547.41495,521.27715,45.1476,45.22414,0.5
2024-11-04 13:30:00,527.20305,543,45.21436,1,528.98685,547.41495,45.21089,45.1476,0.5
2024-11-04 13:44:00,514.94625,543,45.24397,1,527.20305,528.98685,45.21436,45.21089,0.5
2024-11-04 14:00:00,510.7053,543,45.25291,1,514.94625,527.20305,45.24397,45.21436,0.5
2024-11-04 14:16:00,555.07185,543,45.13929,0,510.7053,514.94625,45.25291,45.24397,0.5
2024-11-04 14:30:00,531.0708,543,45.19434,1,555.07185,510.7053,45.13929,45.25291,0.5
2024-11-04 14:44:00,528.15855,543,45.21165,1,531.0708,555.07185,45.19434,45.13929,0.5
2024-11-04 14:58:00,521.6349,543,45.21252,1,528.15855,531.0708,45.21165,45.19434,0.5
2024-11-04 15:14:00,521.5425,543,45.21947,1,521.6349,528.15855,45.21252,45.21165,0.5
2024-11-04 15:30:00,550.9512,543,45.14441,0,521.5425,521.6349,45.21947,45.21252,0.5
2024-11-04 15:44:00,542.31825,543,45.16341,1,550.9512,521.5425,45.14441,45.21947,0.5
2024-11-04 16:00:00,528.3282,543,45.21901,1,542.31825,550.9512,45.16341,45.14441,0.5
2024-11-04 16:16:00,523.3563,543,45.22744,1,528.3282,542.31825,45.21901,45.16341,0.5
2024-11-04 16:28:00,537.32325,543,45.18265,0,523.3563,528.3282,45.22744,45.21901,0.5
2024-11-04 16:44:00,540.45135,543,45.17131,0,537.32325,523.3563,45.18265,45.22744,0.5
2024-11-04 16:58:00,532.96635,543,45.18427,1,540.45135,537.32325,45.17131,45.18265,0.5
2024-11-04 17:14:00,529.0275,543,45.20543,1,532.96635,540.45135,45.18427,45.17131,0.5
2024-11-04 17:30:00,515.9037,543,45.23374,1,529.0275,532.96635,45.20543,45.18427,0.5
2024-11-04 17:44:00,493.59495,543,45.25274,1,515.9037,529.0275,45.23374,45.20543,0.5
2024-11-04 18:00:00,567.53925,543,45.09518,0,493.59495,515.9037,45.25274,45.23374,0.5
2024-11-04 18:16:00,546.09915,543,45.15347,1,567.53925,493.59495,45.09518,45.25274,0.5
2024-11-04 18:28:00,533.0379,543,45.20422,1,546.09915,567.53925,45.15347,45.09518,0.5
2024-11-04 18:44:00,523.5846,543,45.20886,1,533.0379,546.09915,45.20422,45.15347,0.5
2024-11-04 19:00:00,515.3565,543,45.29563,1,523.5846,533.0379,45.20886,45.20422,0.5
2024-11-04 19:14:00,583.25295,543,45.08025,0,515.3565,523.5846,45.29563,45.20886,0.5
2024-11-04 19:30:00,551.12355,543,45.14512,1,583.25295,515.3565,45.08025,45.29563,0.5
2024-11-04 19:44:00,550.28505,543,45.14655,1,551.12355,583.25295,45.14512,45.08025,0.5
2024-11-04 20:00:00,530.2983,543,45.20064,1,550.28505,551.12355,45.14655,45.14512,0.5
2024-11-04 20:14:00,518.63625,543,45.23117,1,530.2983,550.28505,45.20064,45.14655,0.5
2024-11-04 20:28:00,589.72545,543,45.04521,0,518.63625,530.2983,45.23117,45.20064,0.5
2024-11-04 20:44:00,562.4709,543,45.11764,1,589.72545,518.63625,45.04521,45.23117,0.5
2024-11-04 21:00:00,559.47705,543,45.12328,1,562.4709,589.72545,45.11764,45.04521,0.5
2024-11-04 21:14:00,540.40245,543,45.20755,1,559.47705,562.4709,45.12328,45.11764,0.5
2024-11-04 21:30:00,530.1234,543,45.20028,0,540.40245,559.47705,45.20755,45.12328,0.5
2024-11-04 21:46:00,576.01125,543,44.80495,0,530.1234,540.40245,45.20028,45.20755,0.5
2024-11-04 22:00:00,489.81315,543,45.03023,1,576.01125,530.1234,44.80495,45.20028,0.5
2024-11-04 22:14:00,507.7683,543,50.65321,0,489.81315,576.01125,45.03023,44.80495,0.5
2024-11-04 22:28:00,505.84005,543,51.25191,1,507.7683,489.81315,50.65321,45.03023,0.5
2024-11-04 22:44:00,503.16975,543,51.84295,1,505.84005,507.7683,51.25191,50.65321,0.5
2024-11-04 23:00:00,538.332,543,51.7461,0,503.16975,505.84005,51.84295,51.25191,0.5
2024-11-04 23:14:00,547.86165,543,51.72191,0,538.332,503.16975,51.7461,51.84295,0.5
2024-11-04 23:30:00,555.7941,543,51.70028,0,547.86165,538.332,51.72191,51.7461,0.5
2024-11-04 23:46:00,533.712,543,51.76292,1,555.7941,547.86165,51.70028,51.72191,0.5
2024-11-04 23:58:00,517.0905,543,51.79668,1,533.712,555.7941,51.76292,51.70028,0.5
2024-11-05 00:14:00,551.1549,543,51.71643,0,517.0905,533.712,51.79668,51.76292,0.5
2024-11-05 00:28:00,523.24605,543,46.74237,0,551.1549,517.0905,51.71643,51.79668,0.5
2024-11-05 00:44:00,482.08395,543,47.69152,1,523.24605,551.1549,46.74237,51.71643,0.5
2024-11-05 01:00:00,505.6752,543,52.89703,0,482.08395,523.24605,47.69152,46.74237,0.5
2024-11-05 01:14:00,568.78305,543,52.72753,0,505.6752,482.08395,52.89703,47.69152,0.5
2024-11-05 01:30:00,583.9098,543,52.68908,0,568.78305,505.6752,52.72753,52.89703,0.5
2024-11-05 01:46:00,594.2727,543,46.93943,0,583.9098,568.78305,52.68908,52.72753,0.5
2024-11-05 01:58:00,560.91975,543,45.66235,0,594.2727,583.9098,46.93943,52.68908,0.5
2024-11-05 02:14:00,555.5745,543,45.68824,1,560.91975,594.2727,45.66235,46.93943,0.5
2024-11-05 02:30:00,539.55825,543,45.73547,1,555.5745,560.91975,45.68824,45.66235,0.5
2024-11-05 02:44:00,528.7377,543,45.74623,1,539.55825,555.5745,45.73547,45.68824,0.5
2024-11-05 03:00:00,528.399,543,45.7575,1,528.7377,539.55825,45.74623,45.73547,0.5
2024-11-05 03:14:00,585.75345,543,45.61111,0,528.399,528.7377,45.7575,45.74623,0.5
2024-11-05 03:30:00,549.94245,543,45.43287,0,585.75345,528.399,45.61111,45.7575,0.5
2024-11-05 03:44:00,534.41505,543,45.47546,1,549.94245,585.75345,45.43287,45.61111,0.5
2024-11-05 03:58:00,518.61075,543,45.51014,1,534.41505,549.94245,45.47546,45.43287,0.5
2024-11-05 04:14:00,506.5146,543,45.53544,1,518.61075,534.41505,45.51014,45.47546,0.5
2024-11-05 04:30:00,498.28485,543,45.85441,1,506.5146,518.61075,45.53544,45.51014,0.5
2024-11-05 04:44:00,546.8034,543,45.72582,0,498.28485,506.5146,45.85441,45.53544,0.5
2024-11-05 05:00:00,530.63055,543,45.76952,1,546.8034,498.28485,45.72582,45.85441,0.5
2024-11-05 05:16:00,519.28545,543,45.80178,1,530.63055,546.8034,45.76952,45.72582,0.5
2024-11-05 05:30:00,503.05395,543,45.84323,1,519.28545,530.63055,45.80178,45.76952,0.5
2024-11-05 05:44:00,495.6801,543,48.12525,1,503.05395,519.28545,45.84323,45.80178,0.5
2024-11-05 06:00:00,488.36625,543,50.5652,1,495.6801,503.05395,48.12525,45.84323,0.5
2024-11-05 06:14:00,588.21375,543,47.30533,0,488.36625,495.6801,50.5652,48.12525,0.5
2024-11-05 06:30:00,544.79745,543,47.41785,1,588.21375,488.36625,47.30533,50.5652,0.5
2024-11-05 06:44:00,517.77855,543,47.46509,1,544.79745,588.21375,47.41785,47.30533,0.5
2024-11-05 07:00:00,512.23125,543,47.49937,1,517.77855,544.79745,47.46509,47.41785,0.5
2024-11-05 07:16:00,506.30445,543,47.5257,1,512.23125,517.77855,47.49937,47.46509,0.5
2024-11-05 07:28:00,511.42935,543,47.50406,0,506.30445,512.23125,47.5257,47.49937,0.5
2024-11-05 07:44:00,557.16135,543,47.37489,0,511.42935,506.30445,47.50406,47.5257,0.5
2024-11-05 07:58:00,536.11305,543,47.43889,1,557.16135,511.42935,47.37489,47.50406,0.5
2024-11-05 08:14:00,520.4514,543,47.48595,1,536.11305,557.16135,47.43889,47.37489,0.5
2024-11-05 08:30:00,507.80505,543,47.5148,1,520.4514,536.11305,47.48595,47.43889,0.5
2024-11-05 08:44:00,495.7305,543,48.37986,1,507.80505,520.4514,47.5148,47.48595,0.5
2024-11-05 09:00:00,576.6171,543,48.74702,0,495.7305,507.80505,48.37986,47.5148,0.5
2024-11-05 09:16:00,532.6251,543,48.85725,1,576.6171,495.7305,48.74702,48.37986,0.5
2024-11-05 09:28:00,524.44455,543,48.87698,1,532.6251,576.6171,48.85725,48.74702,0.5
2024-11-05 09:44:00,490.25805,543,48.96925,1,524.44455,532.6251,48.87698,48.85725,0.5
2024-11-05 10:00:00,518.08785,543,51.42574,0,490.25805,524.44455,48.96925,48.87698,0.5
2024-11-05 10:14:00,541.93245,543,51.36011,0,518.08785,490.25805,51.42574,48.96925,0.5
2024-11-05 10:30:00,544.9845,543,46.46827,0,541.93245,518.08785,51.36011,51.42574,0.5
2024-11-05 10:44:00,536.51445,543,46.48176,1,544.9845,541.93245,46.46827,51.36011,0.5
2024-11-05 11:00:00,509.4177,543,46.56682,1,536.51445,544.9845,46.48176,46.46827,0.5
2024-11-05 11:14:00,494.7261,543,47.46842,1,509.4177,536.51445,46.56682,46.48176,0.5
2024-11-05 11:28:00,496.7025,543,49.16146,0,494.7261,509.4177,47.46842,46.56682,0.5
2024-11-05 11:44:00,560.58045,543,48.97578,0,496.7025,494.7261,49.16146,47.46842,0.5
2024-11-05 12:00:00,531.96525,543,49.05726,1,560.58045,496.7025,48.97578,49.16146,0.5
2024-11-05 12:14:00,501.69375,543,49.16751,1,531.96525,560.58045,49.05726,48.97578,0.5
2024-11-05 12:30:00,507.91545,543,51.7087,0,501.69375,531.96525,49.16751,49.05726,0.5
2024-11-05 12:46:00,499.7361,543,51.72898,1,507.91545,501.69375,51.7087,49.16751,0.5
2024-11-05 13:00:00,509.02815,543,51.70854,0,499.7361,507.91545,51.72898,51.7087,0.5
2024-11-05 13:14:00,571.8864,543,46.189,0,509.02815,499.7361,51.70854,51.72898,0.5
2024-11-05 13:28:00,538.4229,543,46.27826,1,571.8864,509.02815,46.189,51.70854,0.5
2024-11-05 13:44:00,538.5039,543,46.26464,0,538.4229,571.8864,46.27826,46.189,0.5
2024-11-05 14:00:00,567.0213,543,46.20691,0,538.5039,538.4229,46.26464,46.27826,0.5
2024-11-05 14:14:00,565.4301,543,46.20626,0,567.0213,538.5039,46.20691,46.26464,0.5
2024-11-05 14:30:00,541.74795,543,46.25358,1,565.4301,567.0213,46.20626,46.20691,0.5
2024-11-05 14:46:00,568.36425,543,46.20096,0,541.74795,565.4301,46.25358,46.20626,0.5
2024-11-05 15:00:00,547.0074,543,45.62559,0,568.36425,541.74795,46.20096,46.25358,0.5
2024-11-05 15:16:00,538.1979,543,45.71019,1,547.0074,568.36425,45.62559,46.20096,0.5
2024-11-05 15:28:00,525.9393,543,45.74765,1,538.1979,547.0074,45.71019,45.62559,0.5
2024-11-05 15:44:00,516.7218,543,45.77237,1,525.9393,538.1979,45.74765,45.71019,0.5
2024-11-05 16:00:00,509.32605,543,45.7809,1,516.7218,525.9393,45.77237,45.74765,0.5
2024-11-05 16:14:00,559.7631,543,45.6432,0,509.32605,516.7218,45.7809,45.77237,0.5
2024-11-05 16:30:00,566.5311,543,45.63013,0,559.7631,509.32605,45.6432,45.7809,0.5
2024-11-05 16:46:00,541.4631,543,45.69388,1,566.5311,559.7631,45.63013,45.6432,0.5
2024-11-05 16:58:00,535.8927,543,45.73134,1,541.4631,566.5311,45.69388,45.63013,0.5
2024-11-05 17:14:00,521.62815,543,45.75709,1,535.8927,541.4631,45.73134,45.69388,0.5
2024-11-05 17:30:00,523.76775,543,45.75425,0,521.62815,535.8927,45.75709,45.73134,0.5
2024-11-05 17:44:00,594.6339,543,45.5642,0,523.76775,521.62815,45.75425,45.75709,0.5
2024-11-05 18:00:00,569.30745,543,45.62572,1,594.6339,523.76775,45.5642,45.75425,0.5
2024-11-05 18:14:00,557.4792,543,45.65442,1,569.30745,594.6339,45.62572,45.5642,0.5
2024-11-05 18:30:00,535.7988,543,45.71303,1,557.4792,569.30745,45.65442,45.62572,0.5
2024-11-05 18:46:00,532.00185,543,45.72382,1,535.7988,557.4792,45.71303,45.65442,0.5
2024-11-05 18:58:00,578.9226,543,45.33006,0,532.00185,535.7988,45.72382,45.71303,0.5
2024-11-05 19:14:00,549.4842,543,45.40885,1,578.9226,532.00185,45.33006,45.72382,0.5
2024-11-05 19:30:00,541.05105,543,45.4326,1,549.4842,578.9226,45.40885,45.33006,0.5
2024-11-05 19:44:00,527.91315,543,45.46043,1,541.05105,549.4842,45.4326,45.40885,0.5
2024-11-05 20:00:00,515.8182,543,45.48954,1,527.91315,541.05105,45.46043,45.4326,0.5
2024-11-05 20:16:00,563.5752,543,45.36349,0,515.8182,527.91315,45.48954,45.46043,0.5
2024-11-05 20:30:00,555.17415,543,45.3894,1,563.5752,515.8182,45.36349,45.48954,0.5
2024-11-05 20:44:00,551.76585,543,45.40242,1,555.17415,563.5752,45.3894,45.36349,0.5
2024-11-05 20:58:00,538.76145,543,45.43536,1,551.76585,555.17415,45.40242,45.3894,0.5
2024-11-05 21:14:00,529.37955,543,45.46115,1,538.76145,551.76585,45.43536,45.40242,0.5
2024-11-05 21:30:00,582.1764,543,45.33398,0,529.37955,538.76145,45.46115,45.43536,0.5
2024-11-05 21:44:00,562.7199,543,45.10762,0,582.1764,529.37955,45.33398,45.46115,0.5
2024-11-05 22:00:00,561.34215,543,45.11205,1,562.7199,582.1764,45.10762,45.33398,0.5
2024-11-05 22:16:00,544.8819,543,45.15137,1,561.34215,562.7199,45.11205,45.10762,0.5
2024-11-05 22:28:00,529.8051,543,45.19426,1,544.8819,561.34215,45.15137,45.11205,0.5
2024-11-05 22:44:00,532.1361,543,45.18253,0,529.8051,544.8819,45.19426,45.15137,0.5
2024-11-05 22:58:00,571.3755,543,45.0914,0,532.1361,529.8051,45.18253,45.19426,0.5
2024-11-05 23:14:00,554.80905,543,45.12763,1,571.3755,532.1361,45.0914,45.18253,0.5
2024-11-05 23:30:00,540.71175,543,45.16295,1,554.80905,571.3755,45.12763,45.0914,0.5
2024-11-05 23:44:00,528.8358,543,45.19524,1,540.71175,554.80905,45.16295,45.12763,0.5
2024-11-06 00:00:00,514.0614,543,45.23442,1,528.8358,540.71175,45.19524,45.16295,0.5
2024-11-06 00:16:00,593.58135,543,45.01995,0,514.0614,528.8358,45.23442,45.19524,0.5
2024-11-06 00:28:00,565.09995,543,45.09275,1,593.58135,514.0614,45.01995,45.23442,0.5
2024-11-06 00:44:00,552.87405,543,45.12908,1,565.09995,593.58135,45.09275,45.01995,0.5
2024-11-06 01:00:00,531.97605,543,45.19029,1,552.87405,565.09995,45.12908,45.09275,0.5
2024-11-06 01:14:00,514.0851,543,45.2338,1,531.97605,552.87405,45.19029,45.12908,0.5
2024-11-06 01:30:00,556.75665,543,45.12001,0,514.0851,531.97605,45.2338,45.19029,0.5
2024-11-06 01:46:00,555.2241,543,45.12569,1,556.75665,514.0851,45.12001,45.2338,0.5
2024-11-06 02:00:00,548.6172,543,45.13665,1,555.2241,556.75665,45.12569,45.12001,0.5
2024-11-06 02:14:00,529.65285,543,45.1855,1,548.6172,555.2241,45.13665,45.12569,0.5
2024-11-06 02:28:00,509.46915,543,45.24191,1,529.65285,548.6172,45.1855,45.13665,0.5
2024-11-06 02:44:00,513.51585,543,45.23856,0,509.46915,529.65285,45.24191,45.1855,0.5
2024-11-06 03:00:00,568.5963,543,45.09717,0,513.51585,509.46915,45.23856,45.24191,0.5
2024-11-06 03:14:00,563.05035,543,45.10263,1,568.5963,513.51585,45.09717,45.23856,0.5
2024-11-06 03:30:00,541.5393,543,45.15476,1,563.05035,568.5963,45.10263,45.09717,0.5
2024-11-06 03:46:00,524.793,543,45.20269,1,541.5393,563.05035,45.15476,45.10263,0.5
2024-11-06 04:00:00,518.82885,543,45.22796,1,524.793,541.5393,45.20269,45.15476,0.5
2024-11-06 04:16:00,586.7943,543,45.0358,0,518.82885,524.793,45.22796,45.20269,0.5
2024-11-06 04:28:00,559.35135,543,45.1159,1,586.7943,518.82885,45.0358,45.22796,0.5
2024-11-06 04:44:00,551.72325,543,45.14228,1,559.35135,586.7943,45.1159,45.0358,0.5
2024-11-06 05:00:00,543.28545,543,45.16341,1,551.72325,559.35135,45.14228,45.1159,0.5
2024-11-06 05:14:00,520.53225,543,45.22494,1,543.28545,551.72325,45.16341,45.14228,0.5
2024-11-06 05:30:00,551.8839,543,45.13626,0,520.53225,543.28545,45.22494,45.16341,0.5
2024-11-06 05:46:00,541.11855,543,45.15998,1,551.8839,520.53225,45.13626,45.22494,0.5
2024-11-06 05:58:00,555.4407,543,45.12351,0,541.11855,551.8839,45.15998,45.13626,0.5
2024-11-06 06:14:00,548.0241,543,45.1433,1,555.4407,541.11855,45.12351,45.15998,0.5
2024-11-06 06:28:00,535.332,543,45.17713,1,548.0241,555.4407,45.1433,45.12351,0.5
2024-11-06 06:44:00,526.49955,543,45.20167,1,535.332,548.0241,45.17713,45.1433,0.5
2024-11-06 07:00:00,555.27225,543,44.85177,0,526.49955,535.332,45.20167,45.17713,0.5
2024-11-06 07:14:00,546.92985,543,44.87458,1,555.27225,526.49955,44.85177,45.20167,0.5
2024-11-06 07:30:00,534.98115,543,44.89987,1,546.92985,555.27225,44.87458,44.85177,0.5
2024-11-06 07:46:00,528.2679,543,44.93042,1,534.98115,546.92985,44.89987,44.87458,0.5
2024-11-06 07:58:00,515.65155,543,44.95837,1,528.2679,534.98115,44.93042,44.89987,0.5
2024-11-06 08:14:00,572.11155,543,44.80915,0,515.65155,528.2679,44.95837,44.93042,0.5
2024-11-06 08:30:00,546.9543,543,44.87615,1,572.11155,515.65155,44.80915,44.95837,0.5
2024-11-06 08:44:00,531.96315,543,44.91201,1,546.9543,572.11155,44.87615,44.80915,0.5
2024-11-06 09:00:00,514.97925,543,44.95508,1,531.96315,546.9543,44.91201,44.87615,0.5
2024-11-06 09:16:00,481.1034,543,45.01269,1,514.97925,531.96315,44.95508,44.91201,0.5
2024-11-06 09:30:00,493.5438,543,48.73111,0,481.1034,514.97925,45.01269,44.95508,0.5
2024-11-06 09:44:00,523.93125,543,48.65152,0,493.5438,481.1034,48.73111,45.01269,0.5
2024-11-06 09:58:00,513.97905,543,48.67811,1,523.93125,493.5438,48.65152,48.73111,0.5
2024-11-06 10:14:00,504.72255,543,48.71041,1,513.97905,523.93125,48.67811,48.65152,0.5
2024-11-06 10:30:00,498.054,543,49.01683,1,504.72255,513.97905,48.71041,48.67811,0.5
2024-11-06 10:44:00,502.88925,543,50.19304,0,498.054,504.72255,49.01683,48.71041,0.5
2024-11-06 11:00:00,507.77355,543,50.17548,0,502.88925,498.054,50.19304,49.01683,0.5
2024-11-06 11:16:00,555.4911,543,50.06322,0,507.77355,502.88925,50.17548,50.19304,0.5
2024-11-06 11:30:00,536.90745,543,50.10088,1,555.4911,507.77355,50.06322,50.17548,0.5
2024-11-06 11:44:00,508.94685,543,50.15539,1,536.90745,555.4911,50.10088,50.06322,0.5
2024-11-06 11:58:00,513.7125,543,50.17137,0,508.94685,536.90745,50.15539,50.10088,0.5
2024-11-06 12:14:00,500.65725,543,50.20618,1,513.7125,508.94685,50.17137,50.15539,0.5
2024-11-06 12:30:00,566.56545,543,50.30359,0,500.65725,513.7125,50.20618,50.17137,0.5
2024-11-06 12:44:00,557.73585,543,45.35078,0,566.56545,500.65725,50.30359,50.20618,0.5
2024-11-06 13:00:00,540.70725,543,45.37217,1,557.73585,566.56545,45.35078,50.30359,0.5
2024-11-06 13:16:00,533.11515,543,45.42175,1,540.70725,557.73585,45.37217,45.35078,0.5
2024-11-06 13:28:00,521.7495,543,45.44294,1,533.11515,540.70725,45.42175,45.37217,0.5
2024-11-06 13:44:00,504.7476,543,45.48928,1,521.7495,533.11515,45.44294,45.42175,0.5
2024-11-06 14:00:00,535.47315,543,47.79459,0,504.7476,521.7495,45.48928,45.44294,0.5
2024-11-06 14:14:00,513.0039,543,47.86526,1,535.47315,504.7476,47.79459,45.48928,0.5
2024-11-06 14:30:00,495.5244,543,48.76156,1,513.0039,535.47315,47.86526,47.79459,0.5
2024-11-06 14:44:00,504.4326,543,50.44069,0,495.5244,513.0039,48.76156,47.86526,0.5
2024-11-06 15:00:00,506.6778,543,50.4441,0,504.4326,495.5244,50.44069,48.76156,0.5
2024-11-06 15:16:00,514.87905,543,50.69257,0,506.6778,504.4326,50.4441,50.44069,0.5
2024-11-06 15:28:00,599.51145,543,45.76852,0,514.87905,506.6778,50.69257,50.4441,0.5
2024-11-06 15:44:00,552.67155,543,45.63081,0,599.51145,514.87905,45.76852,50.69257,0.5
2024-11-06 16:00:00,534.3975,543,45.67953,1,552.67155,599.51145,45.63081,45.76852,0.5
2024-11-06 16:14:00,518.44425,543,45.7257,1,534.3975,552.67155,45.67953,45.63081,0.5
2024-11-06 16:30:00,493.2708,543,45.77748,1,518.44425,534.3975,45.7257,45.67953,0.5
2024-11-06 16:46:00,517.1754,543,45.73049,0,493.2708,518.44425,45.77748,45.7257,0.5
2024-11-06 17:00:00,569.88135,543,45.58488,0,517.1754,493.2708,45.73049,45.77748,0.5
2024-11-06 17:14:00,558.9408,543,45.61774,1,569.88135,517.1754,45.58488,45.73049,0.5
2024-11-06 17:28:00,544.57875,543,45.65355,1,558.9408,569.88135,45.61774,45.58488,0.5
2024-11-06 17:44:00,528.65325,543,45.70501,1,544.57875,558.9408,45.65355,45.61774,0.5
2024-11-06 18:00:00,516.24015,543,45.73811,1,528.65325,544.57875,45.70501,45.65355,0.5
2024-11-06 18:14:00,596.63535,543,45.52562,0,516.24015,528.65325,45.73811,45.70501,0.5
2024-11-06 18:30:00,561.8457,543,45.60288,1,596.63535,516.24015,45.52562,45.73811,0.5
2024-11-06 18:46:00,553.1985,543,45.63372,1,561.8457,596.63535,45.60288,45.52562,0.5
2024-11-06 19:00:00,539.95035,543,45.66027,1,553.1985,561.8457,45.63372,45.60288,0.5
2024-11-06 19:14:00,536.22945,543,45.67638,1,539.95035,553.1985,45.66027,45.63372,0.5
2024-11-06 19:28:00,564.7473,543,45.59796,0,536.22945,539.95035,45.67638,45.66027,0.5
2024-11-06 19:44:00,559.61595,543,45.33963,0,564.7473,536.22945,45.59796,45.67638,0.5
2024-11-06 20:00:00,551.32185,543,45.35915,1,559.61595,564.7473,45.33963,45.59796,0.5
2024-11-06 20:14:00,541.2636,543,45.39553,1,551.32185,559.61595,45.35915,45.33963,0.5
2024-11-06 20:30:00,530.3157,543,45.42685,1,541.2636,551.32185,45.39553,45.35915,0.5
2024-11-06 20:46:00,522.9306,543,45.44226,1,530.3157,541.2636,45.42685,45.39553,0.5
2024-11-06 20:58:00,577.7808,543,45.30098,0,522.9306,530.3157,45.44226,45.42685,0.5
2024-11-06 21:14:00,557.6913,543,45.34092,1,577.7808,522.9306,45.30098,45.44226,0.5
2024-11-06 21:30:00,548.9538,543,45.36869,1,557.6913,577.7808,45.34092,45.30098,0.5
2024-11-06 21:44:00,533.96805,543,45.40352,1,548.9538,557.6913,45.36869,45.34092,0.5
2024-11-06 22:00:00,525.6438,543,45.48108,1,533.96805,548.9538,45.40352,45.36869,0.5
2024-11-06 22:14:00,594.174,543,45.2364,0,525.6438,533.96805,45.48108,45.40352,0.5
2024-11-06 22:30:00,569.0214,543,45.31518,1,594.174,525.6438,45.2364,45.48108,0.5
2024-11-06 22:44:00,563.26815,543,45.33645,1,569.0214,594.174,45.31518,45.2364,0.5
2024-11-06 22:58:00,550.26135,543,45.37138,1,563.26815,569.0214,45.33645,45.31518,0.5
2024-11-06 23:14:00,532.84935,543,45.42212,1,550.26135,563.26815,45.37138,45.33645,0.5
2024-11-06 23:30:00,536.87325,543,45.40174,0,532.84935,550.26135,45.42212,45.37138,0.5
2024-11-06 23:44:00,572.05245,543,45.31229,0,536.87325,532.84935,45.40174,45.42212,0.5
2024-11-07 00:00:00,561.4254,543,45.33952,1,572.05245,536.87325,45.31229,45.40174,0.5
2024-11-07 00:16:00,549.006,543,45.3726,1,561.4254,572.05245,45.33952,45.31229,0.5
2024-11-07 00:30:00,535.5729,543,45.40844,1,549.006,561.4254,45.3726,45.33952,0.5
2024-11-07 00:44:00,522.8457,543,45.44235,1,535.5729,549.006,45.40844,45.3726,0.5
2024-11-07 00:58:00,584.93475,543,45.00376,0,522.8457,535.5729,45.44235,45.40844,0.5
2024-11-07 01:14:00,561.65745,543,45.06768,1,584.93475,522.8457,45.00376,45.44235,0.5
2024-11-07 01:30:00,554.03025,543,45.08822,1,561.65745,584.93475,45.06768,45.00376,0.5
2024-11-07 01:44:00,535.2843,543,45.14861,1,554.03025,561.65745,45.08822,45.06768,0.5
2024-11-07 02:00:00,530.90925,543,45.1526,1,535.2843,554.03025,45.14861,45.08822,0.5
2024-11-07 02:16:00,542.3952,543,45.12118,0,530.90925,535.2843,45.1526,45.14861,0.5
2024-11-07 02:30:00,562.5678,543,45.06117,0,542.3952,530.90925,45.12118,45.1526,0.5
2024-11-07 02:44:00,543.15885,543,45.12076,1,562.5678,542.3952,45.06117,45.12118,0.5
2024-11-07 02:58:00,547.4139,543,45.10852,0,543.15885,562.5678,45.12076,45.06117,0.5
2024-11-07 03:14:00,534.4872,543,45.14167,1,547.4139,543.15885,45.10852,45.12076,0.5
2024-11-07 03:30:00,525.7089,543,45.1583,1,534.4872,547.4139,45.14167,45.10852,0.5
2024-11-07 03:44:00,570.3633,543,44.76686,0,525.7089,534.4872,45.1583,45.14167,0.5
2024-11-07 04:00:00,551.9031,543,44.82473,1,570.3633,525.7089,44.76686,45.1583,0.5
2024-11-07 04:16:00,536.59695,543,44.86139,1,551.9031,570.3633,44.82473,44.76686,0.5
2024-11-07 04:28:00,523.9287,543,44.90178,1,536.59695,551.9031,44.86139,44.82473,0.5
2024-11-07 04:44:00,515.71695,543,44.92285,1,523.9287,536.59695,44.90178,44.86139,0.5
2024-11-07 05:00:00,543.77115,543,44.849,0,515.71695,523.9287,44.92285,44.90178,0.5
2024-11-07 05:14:00,551.1477,543,44.82679,0,543.77115,515.71695,44.849,44.92285,0.5
2024-11-07 05:30:00,541.35705,543,44.85284,1,551.1477,543.77115,44.82679,44.849,0.5
2024-11-07 05:44:00,536.30775,543,44.86179,1,541.35705,551.1477,44.85284,44.82679,0.5
2024-11-07 06:00:00,526.197,543,44.8925,1,536.30775,541.35705,44.86179,44.85284,0.5
2024-11-07 06:16:00,512.09565,543,44.92604,1,526.197,536.30775,44.8925,44.86179,0.5
2024-11-07 06:28:00,567.9198,543,44.79051,0,512.09565,526.197,44.92604,44.8925,0.5
2024-11-07 06:44:00,551.1087,543,44.82775,1,567.9198,512.09565,44.79051,44.92604,0.5
2024-11-07 07:00:00,536.39235,543,44.86722,1,551.1087,567.9198,44.82775,44.79051,0.5
2024-11-07 07:14:00,521.562,543,44.91008,1,536.39235,551.1087,44.86722,44.82775,0.5
2024-11-07 07:30:00,507.26625,543,44.94053,1,521.562,536.39235,44.91008,44.86722,0.5
2024-11-07 07:46:00,558.3936,543,44.81781,0,507.26625,521.562,44.94053,44.91008,0.5
2024-11-07 08:00:00,547.15095,543,44.84069,1,558.3936,507.26625,44.81781,44.94053,0.5
2024-11-07 08:14:00,541.2273,543,44.85281,1,547.15095,558.3936,44.84069,44.81781,0.5
2024-11-07 08:28:00,528.6381,543,44.88707,1,541.2273,547.15095,44.85281,44.84069,0.5
2024-11-07 08:44:00,512.57595,543,44.93064,1,528.6381,541.2273,44.88707,44.85281,0.5
2024-11-07 09:00:00,502.88835,543,44.95529,1,512.57595,528.6381,44.93064,44.88707,0.5
2024-11-07 09:14:00,569.7528,543,44.77565,0,502.88835,512.57595,44.95529,44.93064,0.5
2024-11-07 09:30:00,543.49815,543,44.84827,1,569.7528,502.88835,44.77565,44.95529,0.5
2024-11-07 09:46:00,528.2829,543,44.90211,1,543.49815,569.7528,44.84827,44.77565,0.5
2024-11-07 09:58:00,517.21635,543,44.91967,1,528.2829,543.49815,44.90211,44.84827,0.5
2024-11-07 10:14:00,504.8745,543,44.9489,1,517.21635,528.2829,44.91967,44.90211,0.5
2024-11-07 10:28:00,518.5434,543,44.91547,0,504.8745,517.21635,44.9489,44.91967,
