Time,Inj Gas Meter Volume Instantaneous,Inj Gas Meter Volume Setpoint,Inj Gas Valve Percent Open,IsHydrate
2024-09-22 00:15:00,920.97615,902.1818182,38.40023786,0
2024-09-22 00:20:00,920.96205,902.1818182,38.40023786,0
2024-09-22 01:05:00,908.9019073,910.5,38.40023786,0
2024-09-22 01:40:00,934.1751,902.1818182,38.40023786,0
2024-09-22 01:45:00,908.9019073,910.5,43.51945,0
2024-09-22 01:50:00,939.19215,902.1818182,38.40023786,0
2024-09-22 01:55:00,939.3099,902.1818182,38.40023786,0
2024-09-22 02:00:00,943.168425,902.1818182,43.51945,0
2024-09-22 02:10:00,942.0063,902.1818182,38.40023786,0
2024-09-22 02:15:00,942.3276,902.1818182,38.40023786,0
2024-09-22 02:20:00,948.65115,902.1818182,38.40023786,0
2024-09-22 02:25:00,953.73105,902.1818182,38.40023786,0
2024-09-22 02:40:00,963.92235,902.1818182,38.40023786,0
2024-09-22 03:00:00,962.79405,910.5,43.51945,0
2024-09-22 03:05:00,970.5504,902.1818182,38.40023786,0
2024-09-22 03:10:00,973.12565,902.1818182,38.40023786,0
2024-09-22 03:50:00,973.2873,910.5,38.40023786,0
2024-09-22 04:00:00,973.2873,910.5,43.51945,0
2024-09-22 04:30:00,908.9019073,910.5,38.40023786,0
2024-09-22 05:00:00,908.9019073,902.1818182,43.51945,0
2024-09-22 05:30:00,973.30275,902.1818182,37.28858,0
2024-09-22 05:35:00,979.820325,902.1818182,38.40023786,0
2024-09-22 05:50:00,944.660475,902.1818182,36.7808,0
2024-09-22 05:55:00,945.80395,902.1818182,38.40023786,0
2024-09-22 06:00:00,948.5169,910.5,36.7808,0
2024-09-22 06:05:00,957.1218,902.1818182,38.40023786,0
2024-09-22 06:15:00,956.4183,902.1818182,38.40023786,0
2024-09-22 06:20:00,953.74665,902.1818182,38.40023786,0
2024-09-22 06:35:00,960.437625,902.1818182,38.40023786,0
2024-09-22 06:40:00,960.48585,902.1818182,38.40023786,0
2024-09-22 06:50:00,954.98675,902.1818182,38.40023786,0
2024-09-22 06:55:00,953.8587,902.1818182,38.40023786,0
2024-09-22 07:00:00,950.50395,902.1818182,38.40023786,0
2024-09-22 07:05:00,950.50395,902.1818182,38.40023786,0
2024-09-22 07:30:00,954.54315,902.1818182,38.40023786,0
2024-09-22 07:35:00,957.30255,902.1818182,38.40023786,0
2024-09-22 07:45:00,957.852,902.1818182,38.40023786,0
2024-09-22 07:50:00,961.46475,902.1818182,38.40023786,0
2024-09-22 07:55:00,908.9019073,910.5,38.40023786,0
2024-09-22 08:00:00,961.5105,902.1818182,36.7808,0
2024-09-22 08:05:00,961.31415,910.5,38.40023786,0
2024-09-22 08:10:00,961.92695,902.1818182,38.40023786,0
2024-09-22 08:15:00,963.39945,902.1818182,38.40023786,0
2024-09-22 08:20:00,966.0015,902.1818182,38.40023786,0
2024-09-22 08:25:00,965.994975,902.1818182,38.40023786,0
2024-09-22 08:35:00,959.81985,902.1818182,38.40023786,0
2024-09-22 08:40:00,959.16,902.1818182,38.40023786,0
2024-09-22 08:45:00,957.4367,902.1818182,38.40023786,0
2024-09-22 08:50:00,952.2264,902.1818182,38.40023786,0
2024-09-22 08:55:00,908.9019073,910.5,38.40023786,0
2024-09-22 09:00:00,956.262,902.1818182,38.40023786,0
2024-09-22 09:05:00,956.17185,902.1818182,38.40023786,0
2024-09-22 09:10:00,957.6945,902.1818182,38.40023786,0
2024-09-22 09:25:00,965.725425,902.1818182,38.40023786,0
2024-09-22 09:30:00,969.3453,902.1818182,38.40023786,0
2024-09-22 09:35:00,977.53035,902.1818182,38.40023786,0
2024-09-22 09:50:00,959.09325,902.1818182,36.02027,0
2024-09-22 09:55:00,957.8637,902.1818182,38.40023786,0
2024-09-22 10:00:00,908.9019073,902.1818182,36.02027,0
2024-09-22 10:05:00,981.636,910.5,35.89112,0
2024-09-22 10:10:00,983.8902,902.1818182,38.40023786,0
2024-09-22 10:15:00,952.39685,902.1818182,38.40023786,0
2024-09-22 10:20:00,952.866225,902.1818182,38.40023786,0
2024-09-22 10:25:00,953.08865,902.1818182,38.40023786,0
2024-09-22 10:35:00,953.54775,902.1818182,38.40023786,0
2024-09-22 10:40:00,957.2671,902.1818182,38.40023786,0
2024-09-22 10:45:00,958.7393625,902.1818182,38.40023786,0
2024-09-22 10:50:00,958.143675,902.1818182,38.40023786,0
2024-09-22 10:55:00,958.2102,910.5,38.40023786,0
2024-09-22 11:05:00,956.48985,910.5,35.76355,0
2024-09-22 11:35:00,949.3566,902.1818182,38.40023786,0
2024-09-22 11:40:00,949.3566,902.1818182,38.40023786,0
2024-09-22 11:50:00,949.83225,902.1818182,38.40023786,0
2024-09-22 11:55:00,949.5813375,902.1818182,35.76355,0
2024-09-22 12:10:00,942.196725,902.1818182,38.40023786,0
2024-09-22 12:25:00,940.83615,902.1818182,38.40023786,0
2024-09-22 12:30:00,943.0614,902.1818182,38.40023786,0
2024-09-22 12:35:00,938.925,902.1818182,38.40023786,0
2024-09-22 12:40:00,935.8671,902.1818182,38.40023786,0
2024-09-22 13:00:00,936.9063,910.5,35.76355,0
2024-09-22 13:05:00,908.9019073,902.1818182,35.76355,0
2024-09-22 13:10:00,936.84105,902.1818182,38.40023786,0
2024-09-22 13:35:00,938.80625,902.1818182,38.40023786,0
2024-09-22 13:40:00,941.632725,902.1818182,38.40023786,0
2024-09-22 13:45:00,941.38995,902.1818182,38.40023786,0
2024-09-22 13:50:00,941.393625,902.1818182,38.40023786,0
2024-09-22 13:55:00,939.477525,902.1818182,38.40023786,0
2024-09-22 14:00:00,941.24595,902.1818182,38.40023786,0
2024-09-22 14:05:00,908.9019073,910.5,38.40023786,0
2024-09-22 14:40:00,939.54995,902.1818182,38.40023786,0
2024-09-22 14:45:00,938.883675,902.1818182,38.40023786,0
2024-09-22 14:50:00,938.41995,902.1818182,38.40023786,0
2024-09-22 14:55:00,941.2257,902.1818182,35.76355,0
2024-09-22 15:00:00,941.6133,902.1818182,35.76355,0
2024-09-22 15:05:00,939.670275,902.1818182,38.40023786,0
2024-09-22 15:25:00,937.185,902.1818182,38.40023786,0
2024-09-22 15:30:00,935.94045,902.1818182,38.40023786,0
2024-09-22 15:45:00,936.1252,902.1818182,38.40023786,0
2024-09-22 15:50:00,936.32465,902.1818182,38.40023786,0
2024-09-22 16:05:00,931.4223,902.1818182,38.40023786,0
2024-09-22 16:10:00,929.2737,902.1818182,38.40023786,0
2024-09-22 16:15:00,925.8573,902.1818182,38.40023786,0
2024-09-22 16:25:00,920.5359,902.1818182,38.40023786,0
2024-09-22 16:35:00,916.5786,902.1818182,38.40023786,0
2024-09-22 16:45:00,921.98475,902.1818182,38.40023786,0
2024-09-22 16:50:00,923.36115,902.1818182,38.40023786,0
2024-09-22 17:00:00,908.9019073,910.5,38.40023786,0
2024-09-22 17:05:00,919.47165,910.5,35.76355,0
2024-09-22 17:10:00,923.6592,902.1818182,38.40023786,0
2024-09-22 17:25:00,924.01305,902.1818182,38.40023786,0
2024-09-22 17:40:00,929.972025,902.1818182,38.40023786,0
2024-09-22 17:50:00,934.202925,902.1818182,38.40023786,0
2024-09-22 17:55:00,935.229,910.5,35.76355,0
2024-09-22 18:10:00,970.251525,902.1818182,38.40023786,0
2024-09-22 18:15:00,978.336,902.1818182,38.40023786,0
2024-09-22 18:30:00,970.3728,902.1818182,38.40023786,0
2024-09-22 18:35:00,973.06455,902.1818182,38.40023786,0
2024-09-22 18:40:00,973.4268,902.1818182,38.40023786,0
2024-09-22 19:00:00,947.27625,910.5,34.48821,0
2024-09-22 19:30:00,952.91895,902.1818182,38.40023786,0
2024-09-22 19:35:00,950.7936,902.1818182,38.40023786,0
2024-09-22 19:40:00,948.55805,902.1818182,38.40023786,0
2024-09-22 19:45:00,949.209825,902.1818182,38.40023786,0
2024-09-22 19:50:00,950.4372,902.1818182,38.40023786,0
2024-09-22 20:00:00,947.92065,910.5,38.40023786,0
2024-09-22 20:05:00,948.95805,902.1818182,38.40023786,0
2024-09-22 20:10:00,949.5077625,902.1818182,38.40023786,0
2024-09-22 20:15:00,950.59335,902.1818182,38.40023786,0
2024-09-22 20:25:00,949.416,902.1818182,38.40023786,0
2024-09-22 20:30:00,948.8494,902.1818182,38.40023786,0
2024-09-22 20:45:00,947.23645,902.1818182,38.40023786,0
2024-09-22 20:50:00,949.544025,902.1818182,38.40023786,0
2024-09-22 21:00:00,908.9019073,910.5,34.48821,0
2024-09-22 21:20:00,954.1266,902.1818182,38.40023786,0
2024-09-22 21:35:00,952.27905,902.1818182,38.40023786,0
2024-09-22 21:40:00,951.36285,902.1818182,38.40023786,0
2024-09-22 21:50:00,949.28835,902.1818182,38.40023786,0
2024-09-22 22:05:00,908.9019073,910.5,38.40023786,0
2024-09-22 22:10:00,951.259425,902.1818182,38.40023786,0
2024-09-22 22:20:00,951.753,902.1818182,38.40023786,0
2024-09-22 22:30:00,957.681,902.1818182,38.40023786,0
2024-09-22 22:35:00,959.7384,902.1818182,38.40023786,0
2024-09-22 22:40:00,962.0982,902.1818182,38.40023786,0
2024-09-22 22:45:00,961.861425,902.1818182,38.40023786,0
2024-09-22 22:50:00,959.417625,902.1818182,38.40023786,0
2024-09-22 23:00:00,955.7802,902.1818182,38.40023786,0
2024-09-22 23:05:00,908.9019073,910.5,38.40023786,0
2024-09-22 23:10:00,952.66905,902.1818182,38.40023786,0
2024-09-22 23:20:00,954.18315,902.1818182,38.40023786,0
2024-09-22 23:35:00,955.286325,902.1818182,38.40023786,0
2024-09-22 23:40:00,955.89555,902.1818182,38.40023786,0
2024-09-22 23:45:00,957.557775,902.1818182,38.40023786,0
2024-09-22 23:55:00,960.89685,910.5,38.40023786,0
2024-09-23 00:10:00,961.18155,902.1818182,38.40023786,0
2024-09-23 00:15:00,960.697425,902.1818182,38.40023786,0
2024-09-23 00:30:00,962.41725,902.1818182,38.40023786,0
2024-09-23 00:40:00,962.4186,902.1818182,38.40023786,0
2024-09-23 00:45:00,960.2814,902.1818182,38.40023786,0
2024-09-23 00:50:00,963.458475,902.1818182,38.40023786,0
2024-09-23 00:55:00,959.25645,902.1818182,38.40023786,0
2024-09-23 01:00:00,958.79235,902.1818182,34.48821,0
2024-09-23 01:05:00,908.9019073,910.5,38.40023786,0
2024-09-23 01:10:00,956.6697,902.1818182,38.40023786,0
2024-09-23 01:25:00,959.94015,902.1818182,38.40023786,0
2024-09-23 01:35:00,959.60325,902.1818182,38.40023786,0
2024-09-23 01:40:00,960.77985,902.1818182,38.40023786,0
2024-09-23 01:45:00,967.41645,902.1818182,38.40023786,0
2024-09-23 01:50:00,962.42615,902.1818182,38.40023786,0
2024-09-23 01:55:00,964.0401,902.1818182,38.40023786,0
2024-09-23 02:05:00,958.1229,902.1818182,34.48821,0
2024-09-23 02:10:00,952.528575,902.1818182,38.40023786,0
2024-09-23 02:15:00,957.924,902.1818182,38.40023786,0
2024-09-23 02:25:00,957.5496,902.1818182,38.40023786,0
2024-09-23 02:30:00,957.0303,902.1818182,38.40023786,0
2024-09-23 02:45:00,956.8407,902.1818182,38.40023786,0
2024-09-23 02:50:00,954.679425,902.1818182,38.40023786,0
2024-09-23 03:05:00,932.419125,902.1818182,38.40023786,0
2024-09-23 03:25:00,925.73265,902.1818182,38.40023786,0
2024-09-23 03:30:00,927.105,902.1818182,38.40023786,0
2024-09-23 03:40:00,927.55305,902.1818182,38.40023786,0
2024-09-23 03:45:00,929.58825,902.1818182,38.40023786,0
2024-09-23 03:50:00,928.94915,902.1818182,38.40023786,0
2024-09-23 03:55:00,926.1015,910.5,38.40023786,0
2024-09-23 04:00:00,927.428325,902.1818182,38.40023786,0
2024-09-23 04:05:00,927.4962,910.5,38.40023786,0
2024-09-23 04:10:00,927.4914,902.1818182,38.40023786,0
2024-09-23 04:15:00,932.85885,902.1818182,38.40023786,0
2024-09-23 04:20:00,933.0033,902.1818182,38.40023786,0
2024-09-23 04:25:00,935.996625,902.1818182,38.40023786,0
2024-09-23 04:30:00,933.10695,902.1818182,38.40023786,0
2024-09-23 04:35:00,934.3443,902.1818182,38.40023786,0
2024-09-23 04:40:00,936.246075,902.1818182,38.40023786,0
2024-09-23 04:45:00,938.421,902.1818182,38.40023786,0
2024-09-23 04:50:00,933.4995,902.1818182,38.40023786,0
2024-09-23 04:55:00,936.82515,902.1818182,38.40023786,0
2024-09-23 05:00:00,908.9019073,910.5,34.48821,0
2024-09-23 05:05:00,939.46485,902.1818182,38.40023786,0
2024-09-23 05:25:00,930.87015,902.1818182,38.40023786,0
2024-09-23 05:35:00,930.94785,902.1818182,38.40023786,0
2024-09-23 05:45:00,929.623125,902.1818182,38.40023786,0
2024-09-23 05:55:00,947.965575,902.1818182,38.40023786,0
2024-09-23 06:00:00,908.9019073,902.1818182,34.48821,0
2024-09-23 06:10:00,952.12515,902.1818182,38.40023786,0
2024-09-23 06:15:00,951.22305,902.1818182,38.40023786,0
2024-09-23 06:20:00,951.6654,902.1818182,38.40023786,0
2024-09-23 06:25:00,951.56265,902.1818182,38.40023786,0
2024-09-23 06:35:00,944.7522,902.1818182,38.40023786,0
2024-09-23 06:40:00,945.13905,902.1818182,38.40023786,0
2024-09-23 06:45:00,945.67005,902.1818182,38.40023786,0
2024-09-23 06:50:00,947.71735,902.1818182,38.40023786,0
2024-09-23 06:55:00,946.338825,910.5,38.40023786,0
2024-09-23 07:00:00,945.6957,902.1818182,34.48821,0
2024-09-23 07:05:00,942.23745,902.1818182,38.40023786,0
2024-09-23 07:10:00,946.5702,902.1818182,38.40023786,0
2024-09-23 07:25:00,946.4041875,902.1818182,38.40023786,0
2024-09-23 07:35:00,947.620425,902.1818182,38.40023786,0
2024-09-23 07:40:00,948.6258,902.1818182,38.40023786,0
2024-09-23 07:45:00,947.6463,902.1818182,38.40023786,0
2024-09-23 07:50:00,945.452325,902.1818182,38.40023786,0
2024-09-23 08:00:00,946.89195,902.1818182,34.48821,0
2024-09-23 08:05:00,948.611925,910.5,38.40023786,0
2024-09-23 08:10:00,953.522625,902.1818182,38.40023786,0
2024-09-23 08:15:00,949.8018,902.1818182,38.40023786,0
2024-09-23 08:20:00,947.3121,902.1818182,38.40023786,0
2024-09-23 08:25:00,944.1834,902.1818182,38.40023786,0
2024-09-23 08:40:00,945.98085,902.1818182,38.40023786,0
2024-09-23 08:50:00,942.594225,902.1818182,38.40023786,0
2024-09-23 08:55:00,944.4699,902.1818182,38.40023786,0
2024-09-23 09:00:00,942.39345,910.5,38.40023786,0
2024-09-23 09:05:00,941.319225,902.1818182,38.40023786,0
2024-09-23 09:10:00,942.99835,902.1818182,38.40023786,0
2024-09-23 09:15:00,946.11615,902.1818182,38.40023786,0
2024-09-23 09:20:00,944.8236,902.1818182,38.40023786,0
2024-09-23 09:25:00,949.433,902.1818182,38.40023786,0
2024-09-23 09:35:00,946.7001,902.1818182,38.40023786,0
2024-09-23 09:40:00,944.1882,902.1818182,38.40023786,0
2024-09-23 09:45:00,947.570025,902.1818182,38.40023786,0
2024-09-23 09:50:00,947.280075,902.1818182,38.40023786,0
2024-09-23 09:55:00,947.19435,902.1818182,38.40023786,0
2024-09-23 10:00:00,908.9019073,910.5,34.48821,0
2024-09-23 10:10:00,940.835,902.1818182,38.40023786,0
2024-09-23 10:20:00,939.11075,902.1818182,38.40023786,0
2024-09-23 10:25:00,937.232925,902.1818182,38.40023786,0
2024-09-23 10:35:00,937.93175,902.1818182,38.40023786,0
2024-09-23 10:40:00,940.09215,902.1818182,38.40023786,0
2024-09-23 10:45:00,939.994725,902.1818182,38.40023786,0
2024-09-23 10:50:00,943.2102,902.1818182,38.40023786,0
2024-09-23 10:55:00,943.2102,902.1818182,38.40023786,0
2024-09-23 11:00:00,908.9019073,910.5,38.40023786,0
2024-09-23 11:05:00,938.966775,902.1818182,38.40023786,0
2024-09-23 11:10:00,932.9034,902.1818182,38.40023786,0
2024-09-23 11:15:00,927.5478,902.1818182,38.40023786,0
2024-09-23 11:20:00,925.050675,902.1818182,38.40023786,0
2024-09-23 11:25:00,925.356,902.1818182,38.40023786,0
2024-09-23 11:30:00,926.22915,902.1818182,38.40023786,0
2024-09-23 11:35:00,927.18615,902.1818182,38.40023786,0
2024-09-23 11:40:00,925.68145,902.1818182,38.40023786,0
2024-09-23 11:45:00,923.5074,902.1818182,38.40023786,0
2024-09-23 11:55:00,923.5074,910.5,34.48821,0
2024-09-23 12:40:00,908.9019073,910.5,34.48821,0
2024-09-23 13:00:00,908.9019073,902.1818182,34.48821,0
2024-09-23 15:00:00,931.9521,910.5,34.48821,0
2024-09-23 15:30:00,924.3993,902.1818182,38.40023786,0
2024-09-23 15:40:00,918.7089,902.1818182,38.40023786,0
2024-09-23 15:45:00,917.49315,902.1818182,38.40023786,0
2024-09-23 15:50:00,915.3272625,902.1818182,38.40023786,0
2024-09-23 15:55:00,911.2032,910.5,38.40023786,0
2024-09-23 16:00:00,908.9019073,902.1818182,34.48821,0
2024-09-23 16:05:00,900.303,910.5,34.48821,0
2024-09-23 16:10:00,898.22325,902.1818182,38.40023786,0
2024-09-23 16:15:00,891.8712,902.1818182,38.40023786,0
2024-09-23 16:20:00,890.736,902.1818182,38.40023786,0
2024-09-23 16:25:00,892.39965,902.1818182,38.40023786,0
2024-09-23 16:30:00,893.807325,902.1818182,38.40023786,0
2024-09-23 16:35:00,895.9623,902.1818182,38.40023786,0
2024-09-23 16:40:00,897.62505,902.1818182,38.40023786,0
2024-09-23 16:50:00,899.883,902.1818182,38.40023786,0
2024-09-23 16:55:00,901.138425,902.1818182,34.48821,0
2024-09-23 17:00:00,903.00915,902.1818182,34.48821,0
2024-09-23 17:05:00,902.36955,910.5,38.40023786,0
2024-09-23 17:10:00,900.8865,902.1818182,38.40023786,0
2024-09-23 17:25:00,912.45042,902.1818182,38.40023786,0
2024-09-23 17:30:00,913.7716875,902.1818182,38.40023786,0
2024-09-23 17:35:00,916.369875,902.1818182,38.40023786,0
2024-09-23 17:40:00,916.60695,902.1818182,38.40023786,0
2024-09-23 17:45:00,908.91642,902.1818182,38.40023786,0
2024-09-23 17:50:00,909.311325,902.1818182,38.40023786,0
2024-09-23 17:55:00,909.190275,910.5,34.48821,0
2024-09-23 18:05:00,870.80295,902.1818182,38.40023786,0
2024-09-23 18:10:00,865.81545,902.1818182,38.40023786,0
2024-09-23 18:15:00,860.9151,902.1818182,38.40023786,0
2024-09-23 18:20:00,859.1787,902.1818182,38.40023786,0
2024-09-23 18:25:00,855.330275,902.1818182,38.40023786,0
2024-09-23 18:30:00,855.1167,902.1818182,38.40023786,0
2024-09-23 18:35:00,856.767675,902.1818182,38.40023786,0
2024-09-23 18:40:00,858.69195,902.1818182,38.40023786,0
2024-09-23 18:45:00,885.2868,902.1818182,38.40023786,0
2024-09-23 18:50:00,904.50849,902.1818182,38.40023786,0
2024-09-23 18:55:00,910.9045875,902.1818182,38.40023786,0
2024-09-23 19:00:00,913.25275,910.5,34.48821,0
2024-09-23 19:05:00,911.0748,910.5,34.48821,0
2024-09-23 19:10:00,907.343175,902.1818182,38.40023786,0
2024-09-23 19:20:00,913.11555,902.1818182,38.40023786,0
2024-09-23 19:25:00,900.95181,902.1818182,38.40023786,0
2024-09-23 19:30:00,885.7446,902.1818182,38.40023786,0
2024-09-23 19:35:00,876.04945,902.1818182,38.40023786,0
2024-09-23 19:40:00,873.58524,902.1818182,38.40023786,0
2024-09-23 19:45:00,873.5991375,902.1818182,38.40023786,0
2024-09-23 19:50:00,875.9963571,902.1818182,38.40023786,0
2024-09-23 19:55:00,872.3237625,902.1818182,38.40023786,0
2024-09-23 20:00:00,867.041925,910.5,34.48821,0
2024-09-23 20:05:00,862.2566625,902.1818182,34.48821,0
2024-09-23 20:10:00,863.711075,902.1818182,38.40023786,0
2024-09-23 20:15:00,867.46509,902.1818182,38.40023786,0
2024-09-23 20:20:00,875.7826125,902.1818182,38.40023786,0
2024-09-23 20:25:00,876.00039,902.1818182,38.40023786,0
2024-09-23 20:30:00,884.09835,902.1818182,38.40023786,0
2024-09-23 20:35:00,886.61545,902.1818182,38.40023786,0
2024-09-23 20:40:00,892.16211,902.1818182,38.40023786,0
2024-09-23 20:45:00,898.23885,902.1818182,38.40023786,0
2024-09-23 20:50:00,908.53353,902.1818182,38.40023786,0
2024-09-23 20:55:00,920.1876375,910.5,38.40023786,0
2024-09-23 21:00:00,923.46615,910.5,34.48821,0
2024-09-23 21:20:00,895.00455,902.1818182,38.40023786,0
2024-09-23 21:35:00,888.9891,902.1818182,38.40023786,0
2024-09-23 21:40:00,896.139,902.1818182,38.40023786,0
2024-09-23 21:45:00,895.5215625,902.1818182,38.40023786,0
2024-09-23 21:50:00,898.4583,902.1818182,38.40023786,0
2024-09-23 21:55:00,900.117375,902.1818182,38.40023786,0
2024-09-23 22:00:00,899.5491,910.5,34.48821,0
2024-09-23 22:05:00,900.62505,902.1818182,38.40023786,0
2024-09-23 22:10:00,903.5334429,902.1818182,38.40023786,0
2024-09-23 22:15:00,906.0790875,902.1818182,38.40023786,0
2024-09-23 22:20:00,908.83335,902.1818182,38.40023786,0
2024-09-23 22:25:00,909.215025,902.1818182,38.40023786,0
2024-09-23 22:30:00,910.7034,902.1818182,38.40023786,0
2024-09-23 22:35:00,909.141525,902.1818182,38.40023786,0
2024-09-23 22:40:00,910.61155,902.1818182,38.40023786,0
2024-09-23 22:45:00,910.46358,902.1818182,38.40023786,0
2024-09-23 22:50:00,911.115,902.1818182,38.40023786,0
2024-09-23 22:55:00,907.7599,902.1818182,38.40023786,0
2024-09-23 23:00:00,907.82245,902.1818182,38.40023786,0
2024-09-23 23:05:00,904.5945,910.5,34.48821,0
2024-09-23 23:10:00,905.72655,902.1818182,38.40023786,0
2024-09-23 23:20:00,903.04305,902.1818182,38.40023786,0
2024-09-23 23:25:00,903.785175,902.1818182,38.40023786,0
2024-09-23 23:30:00,903.0594,902.1818182,38.40023786,0
2024-09-23 23:35:00,903.79059,902.1818182,38.40023786,0
2024-09-23 23:40:00,907.5322,902.1818182,38.40023786,0
2024-09-23 23:45:00,908.4750375,902.1818182,38.40023786,0
2024-09-23 23:50:00,911.6958,902.1818182,38.40023786,0
2024-09-23 23:55:00,911.98848,910.5,34.48821,0
2024-09-24 00:10:00,908.2053,902.1818182,38.40023786,0
2024-09-24 00:15:00,910.905825,902.1818182,38.40023786,0
2024-09-24 00:20:00,914.3502,902.1818182,38.40023786,0
2024-09-24 00:25:00,912.4248,902.1818182,38.40023786,0
2024-09-24 00:30:00,905.7378,902.1818182,38.40023786,0
2024-09-24 00:35:00,904.417125,902.1818182,38.40023786,0
2024-09-24 00:40:00,904.637325,902.1818182,38.40023786,0
2024-09-24 00:45:00,908.42976,902.1818182,38.40023786,0
2024-09-24 00:50:00,902.590875,902.1818182,38.40023786,0
2024-09-24 00:55:00,899.5908,902.1818182,38.40023786,0
2024-09-24 01:00:00,896.62585,902.1818182,34.48821,0
2024-09-24 01:05:00,894.297225,910.5,38.40023786,0
2024-09-24 01:10:00,896.48355,902.1818182,38.40023786,0
2024-09-24 01:20:00,894.5424,902.1818182,38.40023786,0
2024-09-24 01:25:00,893.9397,902.1818182,38.40023786,0
2024-09-24 01:35:00,892.269,902.1818182,38.40023786,0
2024-09-24 01:40:00,894.5256,902.1818182,38.40023786,0
2024-09-24 01:45:00,892.368975,902.1818182,38.40023786,0
2024-09-24 01:50:00,893.2583,902.1818182,38.40023786,0
2024-09-24 01:55:00,894.4173,902.1818182,38.40023786,0
2024-09-24 02:00:00,893.56695,910.5,38.40023786,0
2024-09-24 02:05:00,897.90585,902.1818182,34.48821,0
2024-09-24 02:10:00,900.7538786,902.1818182,38.40023786,0
2024-09-24 02:15:00,897.7953,902.1818182,38.40023786,0
2024-09-24 02:20:00,896.57155,902.1818182,38.40023786,0
2024-09-24 02:25:00,893.9643,902.1818182,38.40023786,0
2024-09-24 02:30:00,894.3768,902.1818182,38.40023786,0
2024-09-24 02:35:00,894.7279,902.1818182,38.40023786,0
2024-09-24 02:40:00,897.7512,902.1818182,38.40023786,0
2024-09-24 02:45:00,896.11115,902.1818182,38.40023786,0
2024-09-24 02:50:00,896.37855,902.1818182,38.40023786,0
2024-09-24 02:55:00,893.41365,902.1818182,38.40023786,0
2024-09-24 03:00:00,892.17015,902.1818182,38.40023786,0
2024-09-24 03:05:00,889.6577,910.5,34.48821,0
2024-09-24 03:10:00,888.3867,902.1818182,38.40023786,0
2024-09-24 03:20:00,895.3884,902.1818182,38.40023786,0
2024-09-24 03:25:00,895.4418,902.1818182,38.40023786,0
2024-09-24 03:30:00,897.2049,902.1818182,38.40023786,0
2024-09-24 03:35:00,896.798475,902.1818182,38.40023786,0
2024-09-24 03:40:00,892.46875,902.1818182,38.40023786,0
2024-09-24 03:45:00,894.71745,902.1818182,38.40023786,0
2024-09-24 03:50:00,898.17375,902.1818182,38.40023786,0
2024-09-24 03:55:00,898.3839,910.5,38.40023786,0
2024-09-24 04:00:00,899.69715,910.5,34.48821,0
2024-09-24 04:05:00,891.1536,902.1818182,38.40023786,0
2024-09-24 04:10:00,889.93995,902.1818182,38.40023786,0
2024-09-24 04:15:00,891.1906,902.1818182,38.40023786,0
2024-09-24 04:20:00,890.8647375,902.1818182,38.40023786,0
2024-09-24 04:25:00,891.05455,902.1818182,38.40023786,0
2024-09-24 04:30:00,891.544,902.1818182,38.40023786,0
2024-09-24 04:35:00,888.052875,902.1818182,38.40023786,0
2024-09-24 04:40:00,889.7217,902.1818182,38.40023786,0
2024-09-24 04:45:00,889.8530625,902.1818182,38.40023786,0
2024-09-24 04:50:00,890.8024,902.1818182,38.40023786,0
2024-09-24 04:55:00,891.3807,910.5,34.48821,0
2024-09-24 05:00:00,891.3372,902.1818182,38.40023786,0
2024-09-24 05:05:00,891.673225,910.5,34.48821,0
2024-09-24 05:10:00,890.5905,902.1818182,38.40023786,0
2024-09-24 05:25:00,895.44515,902.1818182,38.40023786,0
2024-09-24 05:35:00,893.460975,902.1818182,38.40023786,0
2024-09-24 05:40:00,894.3024,902.1818182,38.40023786,0
2024-09-24 05:45:00,891.0073,902.1818182,38.40023786,0
2024-09-24 05:50:00,891.94065,902.1818182,38.40023786,0
2024-09-24 05:55:00,893.8083,910.5,34.48821,0
2024-09-24 06:05:00,900.45405,902.1818182,38.40023786,0
2024-09-24 06:10:00,896.57835,902.1818182,38.40023786,0
2024-09-24 06:15:00,896.11134,902.1818182,38.40023786,0
2024-09-24 06:20:00,897.13365,902.1818182,38.40023786,0
2024-09-24 06:25:00,893.8818,902.1818182,38.40023786,0
2024-09-24 06:30:00,894.97455,902.1818182,38.40023786,0
2024-09-24 06:35:00,894.654375,902.1818182,38.40023786,0
2024-09-24 06:40:00,896.01155,902.1818182,38.40023786,0
2024-09-24 06:45:00,894.8851,902.1818182,38.40023786,0
2024-09-24 06:50:00,894.8005875,902.1818182,38.40023786,0
2024-09-24 06:55:00,895.977225,902.1818182,38.40023786,0
2024-09-24 07:00:00,893.4006,910.5,34.48821,0
2024-09-24 07:05:00,897.5569125,910.5,34.48821,0
2024-09-24 07:10:00,896.01405,902.1818182,38.40023786,0
2024-09-24 07:25:00,895.4529,902.1818182,38.40023786,0
2024-09-24 07:30:00,896.9412,902.1818182,38.40023786,0
2024-09-24 07:35:00,896.2137,902.1818182,38.40023786,0
2024-09-24 07:40:00,897.7767375,902.1818182,38.40023786,0
2024-09-24 07:45:00,896.505975,902.1818182,38.40023786,0
2024-09-24 07:50:00,899.55825,902.1818182,38.40023786,0
2024-09-24 07:55:00,897.7055625,910.5,34.48821,0
2024-09-24 08:00:00,895.2036,910.5,34.48821,0
2024-09-24 08:05:00,896.995575,902.1818182,38.40023786,0
2024-09-24 08:10:00,894.9321,902.1818182,38.40023786,0
2024-09-24 08:15:00,896.2454625,902.1818182,38.40023786,0
2024-09-24 08:20:00,896.984625,902.1818182,38.40023786,0
2024-09-24 08:25:00,894.62055,902.1818182,38.40023786,0
2024-09-24 08:30:00,894.4254,902.1818182,38.40023786,0
2024-09-24 08:35:00,894.6846,902.1818182,38.40023786,0
2024-09-24 08:45:00,895.04085,902.1818182,38.40023786,0
2024-09-24 08:50:00,897.7525125,902.1818182,38.40023786,0
2024-09-24 08:55:00,901.034325,902.1818182,34.48821,0
2024-09-24 09:00:00,900.02685,910.5,38.40023786,0
2024-09-24 09:05:00,897.573825,902.1818182,34.48821,0
2024-09-24 09:10:00,897.6111,902.1818182,38.40023786,0
2024-09-24 09:15:00,892.69395,902.1818182,38.40023786,0
2024-09-24 09:20:00,891.5745,902.1818182,38.40023786,0
2024-09-24 09:25:00,891.834225,902.1818182,38.40023786,0
2024-09-24 09:30:00,892.4388,902.1818182,38.40023786,0
2024-09-24 09:35:00,895.5891,902.1818182,38.40023786,0
2024-09-24 09:40:00,895.48434,902.1818182,38.40023786,0
2024-09-24 09:45:00,894.84605,902.1818182,38.40023786,0
2024-09-24 09:50:00,892.31835,902.1818182,38.40023786,0
2024-09-24 09:55:00,891.724575,910.5,34.48821,0
2024-09-24 10:05:00,890.904,902.1818182,38.40023786,0
2024-09-24 10:10:00,889.677375,902.1818182,38.40023786,0
2024-09-24 10:15:00,889.860975,902.1818182,38.40023786,0
2024-09-24 10:20:00,889.524,902.1818182,38.40023786,0
2024-09-24 10:25:00,890.07645,902.1818182,38.40023786,0
2024-09-24 10:30:00,890.91735,902.1818182,38.40023786,0
2024-09-24 10:35:00,889.642275,902.1818182,38.40023786,0
2024-09-24 10:40:00,885.023625,902.1818182,38.40023786,0
2024-09-24 10:45:00,885.273825,902.1818182,38.40023786,0
2024-09-24 10:50:00,886.497375,902.1818182,38.40023786,0
2024-09-24 10:55:00,883.953375,910.5,34.48821,0
2024-09-24 11:00:00,885.30165,910.5,34.48821,0
2024-09-24 11:05:00,893.397,902.1818182,38.40023786,0
2024-09-24 11:10:00,897.72175,902.1818182,38.40023786,0
2024-09-24 11:15:00,900.70445,902.1818182,38.40023786,0
2024-09-24 11:20:00,905.883525,902.1818182,38.40023786,0
2024-09-24 11:25:00,907.0498125,902.1818182,38.40023786,0
2024-09-24 11:30:00,905.2947,902.1818182,38.40023786,0
2024-09-24 11:35:00,904.590075,902.1818182,38.40023786,0
2024-09-24 11:40:00,902.10755,902.1818182,38.40023786,0
2024-09-24 11:45:00,898.965,902.1818182,38.40023786,0
2024-09-24 11:50:00,900.6145,902.1818182,38.40023786,0
2024-09-24 11:55:00,902.9086,910.5,34.48821,0
2024-09-24 12:00:00,902.63385,910.5,34.48821,0
2024-09-24 12:05:00,898.419,902.1818182,38.40023786,0
2024-09-24 12:10:00,895.69995,902.1818182,38.40023786,0
2024-09-24 12:15:00,894.84645,902.1818182,38.40023786,0
2024-09-24 12:20:00,895.327725,902.1818182,38.40023786,0
2024-09-24 12:25:00,893.51595,902.1818182,38.40023786,0
2024-09-24 12:30:00,895.40715,902.1818182,38.40023786,0
2024-09-24 12:35:00,891.777525,902.1818182,38.40023786,0
2024-09-24 12:40:00,889.06965,902.1818182,38.40023786,0
2024-09-24 12:45:00,889.820325,902.1818182,38.40023786,0
2024-09-24 12:50:00,891.8925,902.1818182,38.40023786,0
2024-09-24 12:55:00,893.03985,910.5,34.48821,0
2024-09-24 13:00:00,893.03985,910.5,38.40023786,0
2024-09-24 13:05:00,908.9019073,902.1818182,34.48821,0
2024-09-24 13:15:00,895.746,902.1818182,38.40023786,0
2024-09-24 13:20:00,897.0162,902.1818182,38.40023786,0
2024-09-24 13:50:00,908.9019073,910.5,34.48821,0
2024-09-24 14:00:00,897.3504,910.5,34.48821,0
2024-09-24 14:30:00,897.3504,910.5,34.48821,0
2024-09-24 15:00:00,897.3504,910.5,34.48821,0
2024-09-24 15:30:00,886.2612,902.1818182,38.40023786,0
2024-09-24 15:35:00,888.63945,902.1818182,38.40023786,0
2024-09-24 15:40:00,887.7948,902.1818182,38.40023786,0
2024-09-24 15:45:00,883.3468,902.1818182,38.40023786,0
2024-09-24 15:50:00,879.299925,902.1818182,38.40023786,0
2024-09-24 15:55:00,876.2967,902.1818182,38.40023786,0
2024-09-24 16:00:00,877.67226,910.5,34.48821,0
2024-09-24 16:05:00,876.09465,902.1818182,34.48821,0
2024-09-24 16:10:00,875.19615,902.1818182,38.40023786,0
2024-09-24 16:15:00,873.324,902.1818182,38.40023786,0
2024-09-24 16:20:00,868.8076,902.1818182,38.40023786,0
2024-09-24 16:25:00,863.7807,902.1818182,38.40023786,0
2024-09-24 16:30:00,859.5793125,902.1818182,38.40023786,0
2024-09-24 16:35:00,856.4202643,902.1818182,38.40023786,0
2024-09-24 16:40:00,855.2298,902.1818182,38.40023786,0
2024-09-24 16:45:00,857.2171,902.1818182,38.40023786,0
2024-09-24 16:50:00,858.147,902.1818182,38.40023786,0
2024-09-24 16:55:00,858.89095,910.5,34.48821,0
2024-09-24 17:00:00,856.38185,902.1818182,38.40023786,0
2024-09-24 17:05:00,856.57745,910.5,34.48821,0
2024-09-24 17:10:00,845.45775,902.1818182,38.13322,0
2024-09-24 17:15:00,847.4394,902.1818182,38.40023786,0
2024-09-24 17:20:00,846.6872,902.1818182,38.40023786,0
2024-09-24 17:25:00,849.48345,902.1818182,38.40023786,0
2024-09-24 17:30:00,857.2558125,902.1818182,38.40023786,0
2024-09-24 17:35:00,869.0358375,902.1818182,38.40023786,0
2024-09-24 17:40:00,869.9296125,902.1818182,38.40023786,0
2024-09-24 17:45:00,869.1588,902.1818182,38.40023786,0
2024-09-24 17:50:00,866.869425,902.1818182,38.40023786,0
2024-09-24 17:55:00,869.46775,910.5,38.40023786,0
2024-09-24 18:00:00,870.3798,902.1818182,40.76137,0
2024-09-24 18:05:00,869.4283125,910.5,40.76137,0
2024-09-24 18:10:00,872.02971,902.1818182,38.40023786,0
2024-09-24 18:15:00,872.5643625,902.1818182,38.40023786,0
2024-09-24 18:20:00,874.59498,902.1818182,38.40023786,0
2024-09-24 18:25:00,871.76295,902.1818182,38.40023786,0
2024-09-24 18:30:00,870.53635,902.1818182,38.40023786,0
2024-09-24 18:35:00,868.253475,902.1818182,38.40023786,0
2024-09-24 18:40:00,868.956725,902.1818182,38.40023786,0
2024-09-24 18:45:00,873.16119,902.1818182,38.40023786,0
2024-09-24 18:50:00,874.9567125,902.1818182,38.40023786,0
2024-09-24 18:55:00,876.6234,910.5,40.76137,0
2024-09-24 19:00:00,879.546825,902.1818182,38.40023786,0
2024-09-24 19:05:00,880.661925,910.5,40.76137,0
2024-09-24 19:10:00,880.92055,902.1818182,38.40023786,0
2024-09-24 19:15:00,872.349625,902.1818182,38.40023786,0
2024-09-24 19:20:00,870.3357,902.1818182,38.40023786,0
2024-09-24 19:25:00,866.821425,902.1818182,38.40023786,0
2024-09-24 19:30:00,867.84525,902.1818182,38.40023786,0
2024-09-24 19:35:00,870.8235,902.1818182,38.40023786,0
2024-09-24 19:40:00,873.919125,902.1818182,38.40023786,0
2024-09-24 19:45:00,870.9639214,902.1818182,38.40023786,0
2024-09-24 19:50:00,871.1275875,902.1818182,38.40023786,0
2024-09-24 19:55:00,870.7257,910.5,38.40023786,0
2024-09-24 20:00:00,872.2482,910.5,40.76137,0
2024-09-24 20:05:00,873.8085,902.1818182,40.76137,0
2024-09-24 20:10:00,877.316625,902.1818182,38.40023786,0
2024-09-24 20:15:00,878.094,902.1818182,38.40023786,0
2024-09-24 20:20:00,879.1448571,902.1818182,38.40023786,0
2024-09-24 20:25:00,878.70965,902.1818182,38.40023786,0
2024-09-24 20:30:00,877.0525,902.1818182,38.40023786,0
2024-09-24 20:35:00,874.59585,902.1818182,38.40023786,0
2024-09-24 20:40:00,874.53485,902.1818182,38.40023786,0
2024-09-24 20:45:00,876.0764,902.1818182,38.40023786,0
2024-09-24 20:50:00,877.1753625,902.1818182,38.40023786,0
2024-09-24 20:55:00,880.098925,902.1818182,40.76137,0
2024-09-24 21:00:00,883.60365,910.5,40.76137,0
2024-09-24 21:05:00,882.274275,902.1818182,38.40023786,0
2024-09-24 21:10:00,879.47595,902.1818182,38.40023786,0
2024-09-24 21:15:00,875.0067375,902.1818182,38.40023786,0
2024-09-24 21:20:00,874.33152,902.1818182,38.40023786,0
2024-09-24 21:25:00,875.9376,902.1818182,38.40023786,0
2024-09-24 21:30:00,877.43195,902.1818182,38.40023786,0
2024-09-24 21:35:00,877.7443875,902.1818182,38.40023786,0
2024-09-24 21:40:00,879.7861,902.1818182,38.40023786,0
2024-09-24 21:45:00,878.447325,902.1818182,38.40023786,0
2024-09-24 21:50:00,874.3283625,902.1818182,38.40023786,0
2024-09-24 21:55:00,866.20527,902.1818182,38.40023786,0
2024-09-24 22:00:00,841.32605,902.1818182,42.08984333,0
2024-09-24 22:05:00,847.40155,910.5,44.62159,0
2024-09-24 22:10:00,854.1682,902.1818182,46.00358333,0
2024-09-24 22:15:00,844.25835,902.1818182,46.76463,0
2024-09-24 22:20:00,845.2968,902.1818182,47.27142,0
2024-09-24 22:25:00,850.116,902.1818182,47.90338,0
2024-09-24 22:30:00,846.21423,902.1818182,48.37225667,0
2024-09-24 22:35:00,853.316625,902.1818182,38.40023786,0
2024-09-24 22:40:00,901.4958857,902.1818182,38.40023786,0
2024-09-24 22:45:00,932.226825,902.1818182,38.40023786,0
2024-09-24 22:50:00,954.28965,902.1818182,38.40023786,0
2024-09-24 22:55:00,973.52065,902.1818182,43.27414667,0
2024-09-24 23:00:00,973.416975,902.1818182,40.422235,0
2024-09-24 23:05:00,972.04416,910.5,39.58468,0
2024-09-24 23:10:00,973.845,902.1818182,39.12045,0
2024-09-24 23:15:00,973.67595,902.1818182,38.35823,0
2024-09-24 23:20:00,963.419625,902.1818182,38.09995,0
2024-09-24 23:25:00,980.661375,902.1818182,37.84395,0
2024-09-24 23:30:00,970.1326286,902.1818182,37.269165,0
2024-09-24 23:35:00,962.4562875,902.1818182,37.07811,0
2024-09-24 23:40:00,970.83735,902.1818182,38.40023786,0
2024-09-24 23:45:00,972.8254125,902.1818182,38.40023786,0
2024-09-24 23:50:00,975.60185,902.1818182,38.40023786,0
2024-09-24 23:55:00,967.0151,902.1818182,36.43839,0
2024-09-25 00:00:00,969.1867,902.1818182,38.40023786,0
2024-09-25 00:05:00,975.34008,910.5,36.24694,0
2024-09-25 00:10:00,953.5821,902.1818182,36.05549,0
2024-09-25 00:15:00,955.75431,902.1818182,38.40023786,0
2024-09-25 00:20:00,958.2225,902.1818182,38.40023786,0
2024-09-25 00:25:00,959.63385,902.1818182,38.40023786,0
2024-09-25 00:30:00,961.407675,902.1818182,38.40023786,0
2024-09-25 00:35:00,965.8040625,902.1818182,38.40023786,0
2024-09-25 00:40:00,972.1122857,902.1818182,38.40023786,0
2024-09-25 00:45:00,975.72825,902.1818182,38.40023786,0
2024-09-25 00:50:00,979.31358,902.1818182,38.40023786,0
2024-09-25 00:55:00,978.3042,902.1818182,38.40023786,0
2024-09-25 01:00:00,978.0013125,902.1818182,36.05549,0
2024-09-25 01:05:00,980.57065,910.5,38.40023786,0
2024-09-25 01:10:00,982.771875,902.1818182,38.40023786,0
2024-09-25 01:15:00,967.0503,902.1818182,35.672746,0
2024-09-25 01:20:00,951.66165,902.1818182,38.40023786,0
2024-09-25 01:25:00,949.03143,902.1818182,38.40023786,0
2024-09-25 01:30:00,944.7167,902.1818182,38.40023786,0
2024-09-25 01:35:00,942.06775,902.1818182,38.40023786,0
2024-09-25 01:40:00,943.21641,902.1818182,38.40023786,0
2024-09-25 01:45:00,944.2334625,902.1818182,38.40023786,0
2024-09-25 01:50:00,945.0276214,902.1818182,38.40023786,0
2024-09-25 01:55:00,944.5285125,902.1818182,38.40023786,0
2024-09-25 02:00:00,942.7208625,902.1818182,35.41951,0
2024-09-25 02:05:00,939.9792,910.5,38.40023786,0
2024-09-25 02:10:00,938.2149,902.1818182,38.40023786,0
2024-09-25 02:15:00,938.76399,902.1818182,38.40023786,0
2024-09-25 02:20:00,943.5194625,902.1818182,38.40023786,0
2024-09-25 02:25:00,945.1769143,902.1818182,38.40023786,0
2024-09-25 02:30:00,946.1319,902.1818182,38.40023786,0
2024-09-25 02:35:00,947.507025,902.1818182,38.40023786,0
2024-09-25 02:40:00,947.45595,902.1818182,38.40023786,0
2024-09-25 02:45:00,947.35495,902.1818182,38.40023786,0
2024-09-25 02:50:00,945.16824,902.1818182,38.40023786,0
2024-09-25 02:55:00,945.3936375,902.1818182,38.40023786,0
2024-09-25 03:00:00,947.33571,910.5,38.40023786,0
2024-09-25 03:05:00,950.3053125,902.1818182,35.41951,0
2024-09-25 03:10:00,951.53595,902.1818182,38.40023786,0
2024-09-25 03:15:00,953.6588357,902.1818182,38.40023786,0
2024-09-25 03:20:00,953.823375,902.1818182,38.40023786,0
2024-09-25 03:25:00,953.77599,902.1818182,38.40023786,0
2024-09-25 03:30:00,954.52575,902.1818182,38.40023786,0
2024-09-25 03:35:00,960.0502071,902.1818182,38.40023786,0
2024-09-25 03:40:00,965.198775,902.1818182,38.40023786,0
2024-09-25 03:45:00,969.2985,902.1818182,38.40023786,0
2024-09-25 03:50:00,971.2863214,902.1818182,38.40023786,0
2024-09-25 03:55:00,970.686525,910.5,38.40023786,0
2024-09-25 04:00:00,969.7808,902.1818182,35.41951,0
2024-09-25 04:05:00,969.5401,910.5,35.41951,0
2024-09-25 04:10:00,969.4058143,902.1818182,38.40023786,0
2024-09-25 04:15:00,969.2049375,902.1818182,38.40023786,0
2024-09-25 04:20:00,969.4949625,902.1818182,38.40023786,0
2024-09-25 04:25:00,967.7005071,902.1818182,38.40023786,0
2024-09-25 04:30:00,967.838625,902.1818182,38.40023786,0
2024-09-25 04:35:00,969.13971,902.1818182,38.40023786,0
2024-09-25 04:40:00,969.4976625,902.1818182,38.40023786,0
2024-09-25 04:45:00,968.6897357,902.1818182,38.40023786,0
2024-09-25 04:50:00,966.43465,902.1818182,38.40023786,0
2024-09-25 04:55:00,967.71015,910.5,35.41951,0
2024-09-25 05:00:00,969.30549,910.5,35.41951,0
2024-09-25 05:05:00,969.4614,902.1818182,38.40023786,0
2024-09-25 05:10:00,970.791225,902.1818182,38.40023786,0
2024-09-25 05:15:00,970.1347875,902.1818182,38.40023786,0
2024-09-25 05:25:00,968.6877375,902.1818182,38.40023786,0
2024-09-25 05:30:00,971.2179,902.1818182,38.40023786,0
2024-09-25 05:35:00,974.64075,902.1818182,38.40023786,0
2024-09-25 05:50:00,971.17665,902.1818182,38.40023786,0
2024-09-25 05:55:00,970.0470375,910.5,38.40023786,0
2024-09-25 06:00:00,973.20455,910.5,35.41951,0
2024-09-25 06:05:00,971.3899,902.1818182,35.41951,0
2024-09-25 06:10:00,972.85755,902.1818182,38.40023786,0
2024-09-25 06:15:00,973.340175,902.1818182,38.40023786,0
2024-09-25 06:20:00,974.6086125,902.1818182,38.40023786,0
2024-09-25 06:25:00,974.48112,902.1818182,38.40023786,0
2024-09-25 06:30:00,975.46315,902.1818182,38.40023786,0
2024-09-25 06:35:00,976.402125,902.1818182,38.40023786,0
2024-09-25 06:40:00,977.1643125,902.1818182,38.40023786,0
2024-09-25 06:45:00,974.2610786,902.1818182,38.40023786,0
2024-09-25 06:50:00,973.312425,902.1818182,38.40023786,0
2024-09-25 06:55:00,970.8245625,902.1818182,38.40023786,0
2024-09-25 07:00:00,971.8267,910.5,35.41951,0
2024-09-25 07:05:00,971.059575,902.1818182,35.41951,0
2024-09-25 07:10:00,971.11953,902.1818182,38.40023786,0
2024-09-25 07:15:00,968.89875,902.1818182,38.40023786,0
2024-09-25 07:20:00,968.0825786,902.1818182,38.40023786,0
2024-09-25 07:25:00,968.1009,902.1818182,38.40023786,0
2024-09-25 07:30:00,971.3965125,902.1818182,38.40023786,0
2024-09-25 07:35:00,972.4518375,902.1818182,38.40023786,0
2024-09-25 07:40:00,976.264725,902.1818182,38.40023786,0
2024-09-25 07:45:00,976.161225,902.1818182,38.40023786,0
2024-09-25 07:50:00,975.4566,902.1818182,38.40023786,0
2024-09-25 07:55:00,975.7195714,910.5,38.40023786,0
2024-09-25 08:00:00,975.117075,902.1818182,35.41951,0
2024-09-25 08:05:00,974.0776,910.5,35.41951,0
2024-09-25 08:10:00,972.8651,902.1818182,38.40023786,0
2024-09-25 08:40:00,967.2228,902.1818182,38.40023786,0
2024-09-25 08:45:00,968.6326,902.1818182,38.40023786,0
2024-09-25 08:50:00,968.8881,902.1818182,38.40023786,0
2024-09-25 08:55:00,970.3281,902.1818182,35.41951,0
2024-09-25 09:00:00,971.62435,910.5,38.40023786,0
2024-09-25 09:05:00,971.77281,910.5,35.41951,0
2024-09-25 09:10:00,965.99202,902.1818182,38.40023786,0
2024-09-25 09:15:00,964.1214,902.1818182,38.40023786,0
2024-09-25 09:20:00,965.5043,902.1818182,38.40023786,0
2024-09-25 09:25:00,966.6327,902.1818182,38.40023786,0
2024-09-25 09:30:00,967.6489,902.1818182,38.40023786,0
2024-09-25 09:35:00,967.577925,902.1818182,38.40023786,0
2024-09-25 09:40:00,963.79875,902.1818182,38.40023786,0
2024-09-25 09:45:00,962.37625,902.1818182,38.40023786,0
2024-09-25 09:50:00,963.421275,902.1818182,38.40023786,0
2024-09-25 09:55:00,960.7906875,902.1818182,35.41951,0
2024-09-25 10:00:00,964.533375,910.5,38.40023786,0
2024-09-25 10:05:00,962.1443,902.1818182,35.41951,0
2024-09-25 10:10:00,960.34371,902.1818182,38.40023786,0
2024-09-25 10:15:00,958.2562875,902.1818182,38.40023786,0
2024-09-25 10:20:00,965.21975,902.1818182,38.40023786,0
2024-09-25 10:25:00,964.50345,902.1818182,38.40023786,0
2024-09-25 10:30:00,960.087,902.1818182,38.40023786,0
2024-09-25 10:35:00,953.1749625,902.1818182,38.40023786,0
2024-09-25 10:40:00,953.27235,902.1818182,38.40023786,0
2024-09-25 10:45:00,949.28775,902.1818182,38.40023786,0
2024-09-25 10:50:00,951.521175,902.1818182,38.40023786,0
2024-09-25 10:55:00,948.68165,902.1818182,35.41951,0
2024-09-25 11:00:00,943.2031,910.5,38.40023786,0
2024-09-25 11:05:00,940.8017625,910.5,35.41951,0
2024-09-25 11:10:00,937.4313,902.1818182,38.40023786,0
2024-09-25 11:15:00,935.7528,902.1818182,38.40023786,0
2024-09-25 11:20:00,932.256825,902.1818182,38.40023786,0
2024-09-25 11:25:00,931.088625,902.1818182,38.40023786,0
2024-09-25 11:30:00,917.74965,902.1818182,38.40023786,0
2024-09-25 11:35:00,919.4778,902.1818182,38.40023786,0
2024-09-25 11:40:00,912.27315,902.1818182,38.40023786,0
2024-09-25 11:45:00,888.3094875,902.1818182,38.40023786,0
2024-09-25 11:50:00,866.4312,902.1818182,38.40023786,0
2024-09-25 11:55:00,848.361975,902.1818182,35.41951,0
2024-09-25 12:00:00,844.97565,910.5,38.40023786,0
2024-09-25 12:05:00,853.19085,910.5,42.82473,0
2024-09-25 12:10:00,851.76765,902.1818182,43.07882,0
2024-09-25 12:15:00,850.31325,902.1818182,38.40023786,0
2024-09-25 12:20:00,841.517475,902.1818182,38.40023786,0
2024-09-25 12:25:00,858.80865,902.1818182,43.71426,0
2024-09-25 12:30:00,847.847175,902.1818182,38.40023786,0
2024-09-25 12:35:00,850.209825,902.1818182,43.973305,0
2024-09-25 12:40:00,864.19155,902.1818182,38.40023786,0
2024-09-25 12:45:00,866.6706,902.1818182,38.40023786,0
2024-09-25 12:50:00,900.23208,902.1818182,38.40023786,0
2024-09-25 12:55:00,920.25042,902.1818182,38.40023786,0
2024-09-25 13:00:00,930.0657,910.5,44.10459,0
2024-09-25 13:05:00,940.66355,902.1818182,38.40023786,0
2024-09-25 13:10:00,953.331825,902.1818182,38.40023786,0
2024-09-25 13:15:00,962.4907,902.1818182,38.40023786,0
2024-09-25 13:20:00,968.6328,902.1818182,38.40023786,0
2024-09-25 13:25:00,972.70535,902.1818182,38.40023786,0
2024-09-25 13:30:00,983.59935,902.1818182,38.27363,0
2024-09-25 13:35:00,955.853325,902.1818182,37.7649,0
2024-09-25 13:40:00,963.142125,902.1818182,38.40023786,0
2024-09-25 13:55:00,980.2478625,902.1818182,38.40023786,0
2024-09-25 14:00:00,957.897975,910.5,37.37898,0
2024-09-25 14:05:00,908.9019073,910.5,38.40023786,0
2024-09-25 14:10:00,923.8605,902.1818182,38.40023786,0
2024-09-25 14:15:00,918.5196,902.1818182,38.40023786,0
2024-09-25 14:45:00,918.5196,902.1818182,38.40023786,0
2024-09-25 15:00:00,918.5196,910.5,37.37898,0
2024-09-25 15:30:00,918.5196,910.5,37.37898,0
2024-09-25 16:00:00,918.5196,910.5,37.37898,0
2024-09-25 16:30:00,918.5196,902.1818182,38.40023786,0
2024-09-25 17:00:00,918.5196,910.5,37.37898,0
2024-09-25 17:30:00,918.5196,902.1818182,37.37898,0
2024-09-25 18:00:00,962.83585,910.5,36.47887,0
2024-09-25 18:05:00,966.62805,902.1818182,36.47887,0
2024-09-25 18:35:00,908.9019073,910.5,38.40023786,0
2024-09-25 19:00:00,966.62805,910.5,36.47887,0
2024-09-25 19:10:00,912.6585,902.1818182,35.72014,0
2024-09-25 19:15:00,913.11675,902.1818182,38.40023786,0
2024-09-25 19:20:00,909.9228,902.1818182,38.40023786,0
2024-09-25 19:25:00,905.845875,902.1818182,38.40023786,0
2024-09-25 19:30:00,904.7841,902.1818182,38.40023786,0
2024-09-25 19:35:00,903.8975,902.1818182,38.40023786,0
2024-09-25 19:40:00,902.0584125,902.1818182,38.40023786,0
2024-09-25 19:45:00,899.1198375,902.1818182,38.40023786,0
2024-09-25 19:50:00,900.32265,902.1818182,38.40023786,0
2024-09-25 19:55:00,903.30195,902.1818182,38.40023786,0
2024-09-25 20:00:00,905.2455,910.5,35.72014,0
2024-09-25 20:05:00,908.6475,902.1818182,38.40023786,0
2024-09-25 20:10:00,914.39385,902.1818182,38.40023786,0
2024-09-25 20:15:00,920.248125,902.1818182,38.40023786,0
2024-09-25 20:20:00,925.378,902.1818182,38.40023786,0
2024-09-25 20:25:00,930.0297,902.1818182,38.40023786,0
2024-09-25 20:30:00,934.071675,902.1818182,38.40023786,0
2024-09-25 20:35:00,938.178075,902.1818182,38.40023786,0
2024-09-25 20:40:00,942.2955,902.1818182,38.40023786,0
2024-09-25 20:45:00,947.43648,902.1818182,38.40023786,0
2024-09-25 20:50:00,950.20755,902.1818182,38.40023786,0
2024-09-25 20:55:00,945.20435,902.1818182,35.72014,0
2024-09-25 21:00:00,935.020875,910.5,35.72014,0
2024-09-25 21:05:00,928.97235,910.5,38.40023786,0
2024-09-25 21:10:00,918.998625,902.1818182,38.40023786,0
2024-09-25 21:15:00,909.9248,902.1818182,38.40023786,0
2024-09-25 21:20:00,906.0138375,902.1818182,38.40023786,0
2024-09-25 21:25:00,904.9630875,902.1818182,38.40023786,0
2024-09-25 21:30:00,904.5101,902.1818182,38.40023786,0
2024-09-25 21:35:00,906.314175,902.1818182,38.40023786,0
2024-09-25 21:40:00,902.218725,902.1818182,38.40023786,0
2024-09-25 21:45:00,898.853325,902.1818182,38.40023786,0
2024-09-25 21:50:00,902.5060125,902.1818182,38.40023786,0
2024-09-25 21:55:00,902.163225,902.1818182,38.40023786,0
2024-09-25 22:00:00,906.66715,902.1818182,38.40023786,0
2024-09-25 22:05:00,908.4728,910.5,35.72014,0
2024-09-25 22:10:00,909.311925,902.1818182,38.40023786,0
2024-09-25 22:15:00,911.581125,902.1818182,38.40023786,0
2024-09-25 22:20:00,913.5292125,902.1818182,38.40023786,0
2024-09-25 22:25:00,916.8414,902.1818182,38.40023786,0
2024-09-25 22:30:00,917.9922,902.1818182,38.40023786,0
2024-09-25 22:35:00,918.6658125,902.1818182,38.40023786,0
2024-09-25 22:40:00,917.73165,902.1818182,38.40023786,0
2024-09-25 22:45:00,917.74395,902.1818182,38.40023786,0
2024-09-25 22:50:00,917.2278,902.1818182,38.40023786,0
2024-09-25 22:55:00,919.2001,902.1818182,38.40023786,0
2024-09-25 23:00:00,920.0197875,910.5,35.72014,0
2024-09-25 23:05:00,924.90345,902.1818182,38.40023786,0
2024-09-25 23:10:00,921.86538,902.1818182,38.40023786,0
2024-09-25 23:15:00,923.242275,902.1818182,38.40023786,0
2024-09-25 23:20:00,924.2631,902.1818182,38.40023786,0
2024-09-25 23:25:00,925.0806,902.1818182,38.40023786,0
2024-09-25 23:30:00,925.89905,902.1818182,38.40023786,0
2024-09-25 23:35:00,927.9517,902.1818182,38.40023786,0
2024-09-25 23:40:00,927.8631,902.1818182,38.40023786,0
2024-09-25 23:45:00,925.09515,902.1818182,38.40023786,0
2024-09-25 23:50:00,925.87365,902.1818182,38.40023786,0
2024-09-26 00:05:00,925.3416,910.5,35.72014,0
2024-09-26 00:30:00,921.4878,902.1818182,38.40023786,0
2024-09-26 00:35:00,926.40855,902.1818182,38.40023786,0
2024-09-26 00:40:00,927.8313,902.1818182,38.40023786,0
2024-09-26 01:00:00,927.8313,910.5,38.40023786,0
2024-09-26 01:05:00,940.55595,902.1818182,35.72014,0
2024-09-26 01:10:00,947.5151,902.1818182,38.40023786,0
2024-09-26 01:15:00,955.405,902.1818182,38.40023786,0
2024-09-26 01:20:00,961.18725,902.1818182,38.40023786,0
2024-09-26 01:25:00,964.712175,902.1818182,38.40023786,0
2024-09-26 01:30:00,967.88285,902.1818182,38.40023786,0
2024-09-26 01:35:00,972.3468,902.1818182,38.40023786,0
2024-09-26 01:40:00,973.41405,902.1818182,38.40023786,0
2024-09-26 01:50:00,980.574525,902.1818182,38.40023786,0
2024-09-26 01:55:00,982.4739,902.1818182,38.40023786,0
2024-09-26 02:00:00,932.034225,902.1818182,35.07919,0
2024-09-26 02:05:00,935.9331375,910.5,35.07919,0
2024-09-26 02:10:00,937.60955,902.1818182,38.40023786,0
2024-09-26 02:15:00,938.6663625,902.1818182,38.40023786,0
2024-09-26 02:20:00,937.6599214,902.1818182,38.40023786,0
2024-09-26 02:25:00,936.3425625,902.1818182,38.40023786,0
2024-09-26 02:30:00,937.171875,902.1818182,38.40023786,0
2024-09-26 02:35:00,937.974225,902.1818182,38.40023786,0
2024-09-26 02:40:00,939.86265,902.1818182,38.40023786,0
2024-09-26 02:45:00,944.8031625,902.1818182,38.40023786,0
2024-09-26 02:50:00,945.27255,902.1818182,38.40023786,0
2024-09-26 02:55:00,939.3291,902.1818182,38.40023786,0
2024-09-26 03:00:00,928.356975,910.5,35.07919,0
2024-09-26 03:05:00,926.325225,902.1818182,38.40023786,0
2024-09-26 03:10:00,926.99865,902.1818182,38.40023786,0
2024-09-26 03:15:00,928.55097,902.1818182,38.40023786,0
2024-09-26 03:20:00,928.8280125,902.1818182,38.40023786,0
2024-09-26 03:25:00,926.6949,902.1818182,38.40023786,0
2024-09-26 03:30:00,924.1573071,902.1818182,38.40023786,0
2024-09-26 03:35:00,922.5456,902.1818182,38.40023786,0
2024-09-26 03:40:00,923.381475,902.1818182,38.40023786,0
2024-09-26 03:45:00,923.357025,902.1818182,38.40023786,0
2024-09-26 03:50:00,923.0585357,902.1818182,38.40023786,0
2024-09-26 03:55:00,926.0209875,910.5,35.07919,0
2024-09-26 04:00:00,926.38245,902.1818182,38.40023786,0
2024-09-26 04:05:00,923.1101625,910.5,35.07919,0
2024-09-26 04:10:00,923.258775,902.1818182,38.40023786,0
2024-09-26 04:15:00,923.82705,902.1818182,38.40023786,0
2024-09-26 04:20:00,924.5468625,902.1818182,38.40023786,0
2024-09-26 04:25:00,923.455675,902.1818182,38.40023786,0
2024-09-26 04:30:00,922.724625,902.1818182,38.40023786,0
2024-09-26 04:35:00,924.12225,902.1818182,38.40023786,0
2024-09-26 04:40:00,925.403975,902.1818182,38.40023786,0
2024-09-26 04:45:00,928.937775,902.1818182,38.40023786,0
2024-09-26 04:50:00,927.33905,902.1818182,38.40023786,0
2024-09-26 04:55:00,925.2404625,902.1818182,38.40023786,0
2024-09-26 05:00:00,924.13647,910.5,35.07919,0
2024-09-26 05:05:00,922.29213,910.5,35.07919,0
2024-09-26 05:10:00,922.9464,902.1818182,38.40023786,0
2024-09-26 05:15:00,924.14124,902.1818182,38.40023786,0
2024-09-26 05:20:00,923.458875,902.1818182,38.40023786,0
2024-09-26 05:25:00,923.1433,902.1818182,38.40023786,0
2024-09-26 05:30:00,923.2594125,902.1818182,38.40023786,0
2024-09-26 05:35:00,922.4715,902.1818182,38.40023786,0
2024-09-26 05:40:00,921.99783,902.1818182,38.40023786,0
2024-09-26 05:45:00,921.5894625,902.1818182,38.40023786,0
2024-09-26 05:50:00,923.62608,902.1818182,38.40023786,0
2024-09-26 05:55:00,922.6184,902.1818182,35.07919,0
2024-09-26 06:00:00,919.0551,910.5,35.07919,0
2024-09-26 06:05:00,917.1326,902.1818182,38.40023786,0
2024-09-26 06:15:00,917.8839,902.1818182,38.40023786,0
2024-09-26 06:20:00,918.9758,902.1818182,38.40023786,0
2024-09-26 06:25:00,914.661,902.1818182,38.40023786,0
2024-09-26 06:30:00,916.4866875,902.1818182,38.40023786,0
2024-09-26 06:35:00,917.27775,902.1818182,38.40023786,0
2024-09-26 06:40:00,917.73675,902.1818182,38.40023786,0
2024-09-26 06:45:00,917.610225,902.1818182,38.40023786,0
2024-09-26 06:50:00,916.60116,902.1818182,38.40023786,0
2024-09-26 06:55:00,914.17665,902.1818182,38.40023786,0
2024-09-26 07:00:00,914.52735,910.5,35.07919,0
2024-09-26 07:05:00,917.3557125,902.1818182,35.07919,0
2024-09-26 07:10:00,920.4011,902.1818182,38.40023786,0
2024-09-26 07:25:00,917.45985,902.1818182,38.40023786,0
2024-09-26 07:30:00,919.1958,902.1818182,38.40023786,0
2024-09-26 07:35:00,921.1408929,902.1818182,38.40023786,0
2024-09-26 07:40:00,922.968375,902.1818182,38.40023786,0
2024-09-26 07:45:00,923.1895125,902.1818182,38.40023786,0
2024-09-26 07:50:00,921.3370125,902.1818182,38.40023786,0
2024-09-26 07:55:00,908.9019073,902.1818182,35.07919,0
2024-09-26 08:00:00,921.79995,910.5,38.40023786,0
2024-09-26 08:05:00,908.9019073,910.5,35.07919,0
2024-09-26 08:30:00,921.79995,910.5,35.07919,0
2024-09-26 09:00:00,921.79995,910.5,35.07919,0
2024-09-26 10:00:00,921.79995,910.5,35.07919,0
2024-09-26 10:30:00,921.79995,910.5,38.40023786,0
2024-09-26 11:00:00,903.7512,910.5,35.07919,0
2024-09-26 11:05:00,906.76515,902.1818182,38.40023786,0
2024-09-26 11:10:00,907.984275,902.1818182,38.40023786,0
2024-09-26 11:15:00,909.5529,902.1818182,38.40023786,0
2024-09-26 11:20:00,899.33979,902.1818182,38.40023786,0
2024-09-26 11:25:00,890.55285,902.1818182,38.40023786,0
2024-09-26 11:30:00,886.6940625,902.1818182,38.40023786,0
2024-09-26 11:35:00,881.71615,902.1818182,38.40023786,0
2024-09-26 11:40:00,879.1627125,902.1818182,38.40023786,0
2024-09-26 11:45:00,876.3710625,902.1818182,38.40023786,0
2024-09-26 11:50:00,874.0734,902.1818182,38.40023786,0
2024-09-26 11:55:00,873.0172125,910.5,38.40023786,0
2024-09-26 12:00:00,872.7313875,902.1818182,35.07919,0
2024-09-26 12:05:00,908.9019073,910.5,38.40023786,0
2024-09-26 13:00:00,872.8518,910.5,35.07919,0
2024-09-26 13:30:00,855.55695,902.1818182,41.20501,0
2024-09-26 13:35:00,851.21235,902.1818182,38.40023786,0
2024-09-26 13:40:00,848.763825,902.1818182,38.40023786,0
2024-09-26 13:45:00,848.92587,902.1818182,38.40023786,0
2024-09-26 13:50:00,846.276075,902.1818182,38.40023786,0
2024-09-26 13:55:00,846.6417,910.5,41.20501,0
2024-09-26 14:00:00,845.488275,902.1818182,38.40023786,0
2024-09-26 14:05:00,843.47805,910.5,41.20501,0
2024-09-26 14:10:00,855.00175,902.1818182,41.5873,0
2024-09-26 14:15:00,851.58765,902.1818182,38.40023786,0
2024-09-26 14:20:00,853.78896,902.1818182,38.40023786,0
2024-09-26 14:25:00,848.7811875,902.1818182,38.40023786,0
2024-09-26 14:30:00,839.53383,902.1818182,38.40023786,0
2024-09-26 14:35:00,840.506025,902.1818182,41.71597,0
2024-09-26 14:40:00,842.189625,902.1818182,38.40023786,0
2024-09-26 14:45:00,840.16203,902.1818182,38.40023786,0
2024-09-26 14:50:00,838.2914625,902.1818182,41.915575,0
2024-09-26 14:55:00,838.40475,902.1818182,41.97929,0
2024-09-26 15:00:00,853.1942,902.1818182,42.043125,0
2024-09-26 15:05:00,864.0923625,910.5,42.10696,0
2024-09-26 15:10:00,865.8927,902.1818182,38.40023786,0
2024-09-26 15:15:00,869.630775,902.1818182,38.40023786,0
2024-09-26 15:30:00,882.1581,902.1818182,38.40023786,0
2024-09-26 15:40:00,881.5785,902.1818182,38.40023786,0
2024-09-26 15:45:00,880.833,902.1818182,38.40023786,0
2024-09-26 15:50:00,881.854875,902.1818182,38.40023786,0
2024-09-26 15:55:00,880.867425,910.5,38.40023786,0
2024-09-26 16:00:00,882.2613,902.1818182,42.10696,0
2024-09-26 16:05:00,886.6974375,910.5,42.10696,0
2024-09-26 16:10:00,889.5681,902.1818182,38.40023786,0
2024-09-26 16:25:00,884.990025,902.1818182,38.40023786,0
2024-09-26 16:30:00,885.571,902.1818182,38.40023786,0
2024-09-26 16:40:00,891.81525,902.1818182,38.40023786,0
2024-09-26 17:00:00,891.8995,910.5,42.10696,0
2024-09-26 17:05:00,893.07381,902.1818182,38.40023786,0
2024-09-26 17:15:00,892.27995,902.1818182,38.40023786,0
2024-09-26 17:20:00,894.77355,902.1818182,38.40023786,0
2024-09-26 17:25:00,893.990925,902.1818182,38.40023786,0
2024-09-26 17:30:00,891.77395,902.1818182,38.40023786,0
2024-09-26 17:35:00,895.3582125,902.1818182,38.40023786,0
2024-09-26 17:40:00,909.6218,902.1818182,38.40023786,0
2024-09-26 17:45:00,928.70865,902.1818182,38.40023786,0
2024-09-26 17:50:00,944.568075,902.1818182,38.40023786,0
2024-09-26 17:55:00,956.9262,902.1818182,38.40023786,0
2024-09-26 18:00:00,968.19375,910.5,42.10696,0
2024-09-26 18:05:00,974.39205,902.1818182,42.10696,0
2024-09-26 18:10:00,974.123475,902.1818182,38.40023786,0
2024-09-26 18:15:00,973.04766,902.1818182,38.40023786,0
2024-09-26 18:20:00,977.4279,902.1818182,38.40023786,0
2024-09-26 18:25:00,984.30855,902.1818182,41.72485,0
2024-09-26 18:30:00,961.762875,902.1818182,35.88319,0
2024-09-26 18:35:00,965.165775,902.1818182,38.40023786,0
2024-09-26 18:40:00,964.2915,902.1818182,38.40023786,0
2024-09-26 18:45:00,965.908425,902.1818182,38.40023786,0
2024-09-26 18:50:00,965.0614,902.1818182,38.40023786,0
2024-09-26 18:55:00,964.888125,910.5,35.88319,0
2024-09-26 19:00:00,963.124125,902.1818182,38.40023786,0
2024-09-26 19:05:00,964.535925,910.5,35.88319,0
2024-09-26 19:10:00,966.124725,902.1818182,38.40023786,0
2024-09-26 19:15:00,964.1070375,902.1818182,38.40023786,0
2024-09-26 19:20:00,965.65395,902.1818182,38.40023786,0
2024-09-26 19:25:00,967.3575,902.1818182,38.40023786,0
2024-09-26 19:30:00,967.6224,902.1818182,38.40023786,0
2024-09-26 19:35:00,972.417825,902.1818182,38.40023786,0
2024-09-26 19:40:00,967.0482375,902.1818182,35.63108,0
2024-09-26 19:45:00,954.29405,902.1818182,38.40023786,0
2024-09-26 19:50:00,956.9658,902.1818182,38.40023786,0
2024-09-26 19:55:00,957.7011,902.1818182,38.40023786,0
2024-09-26 20:00:00,960.30475,910.5,35.63108,0
2024-09-26 20:05:00,961.584375,902.1818182,38.40023786,0
2024-09-26 20:10:00,963.6531,902.1818182,38.40023786,0
2024-09-26 20:15:00,959.518875,902.1818182,38.40023786,0
2024-09-26 20:20:00,958.890225,902.1818182,38.40023786,0
2024-09-26 20:25:00,958.98105,902.1818182,38.40023786,0
2024-09-26 20:30:00,957.825225,902.1818182,38.40023786,0
2024-09-26 20:35:00,957.55255,902.1818182,38.40023786,0
2024-09-26 20:40:00,959.56455,902.1818182,38.40023786,0
2024-09-26 20:45:00,962.504325,902.1818182,38.40023786,0
2024-09-26 20:50:00,963.9202125,902.1818182,38.40023786,0
2024-09-26 20:55:00,966.1584,910.5,38.40023786,0
2024-09-26 21:00:00,969.33195,902.1818182,35.63108,0
2024-09-26 21:05:00,973.4747625,910.5,35.63108,0
2024-09-26 21:10:00,975.37485,902.1818182,38.40023786,0
2024-09-26 21:15:00,976.8867,902.1818182,38.40023786,0
2024-09-26 21:20:00,974.458125,902.1818182,38.40023786,0
2024-09-26 21:25:00,975.0324375,902.1818182,38.40023786,0
2024-09-26 21:30:00,974.06835,902.1818182,38.40023786,0
2024-09-26 21:35:00,972.577875,902.1818182,38.40023786,0
2024-09-26 21:40:00,966.7334625,902.1818182,38.40023786,0
2024-09-26 21:45:00,963.272925,902.1818182,38.40023786,0
2024-09-26 21:50:00,963.01615,902.1818182,38.40023786,0
2024-09-26 21:55:00,960.8888,902.1818182,38.40023786,0
2024-09-26 22:00:00,960.7866,902.1818182,35.63108,0
2024-09-26 22:05:00,962.897175,910.5,38.40023786,0
2024-09-26 22:10:00,963.8013,902.1818182,38.40023786,0
2024-09-26 22:15:00,963.33315,902.1818182,38.40023786,0
2024-09-26 22:20:00,963.17325,902.1818182,38.40023786,0
2024-09-26 22:25:00,960.61375,902.1818182,38.40023786,0
2024-09-26 22:30:00,960.2043,902.1818182,38.40023786,0
2024-09-26 22:35:00,965.4074,902.1818182,38.40023786,0
2024-09-26 22:40:00,966.7593,902.1818182,38.40023786,0
2024-09-26 22:45:00,966.67065,902.1818182,38.40023786,0
2024-09-26 22:50:00,957.8034375,902.1818182,38.40023786,0
2024-09-26 22:55:00,948.656175,902.1818182,38.40023786,0
2024-09-26 23:00:00,939.587025,910.5,35.63108,0
2024-09-26 23:05:00,940.412925,902.1818182,38.40023786,0
2024-09-26 23:10:00,940.64815,902.1818182,38.40023786,0
2024-09-26 23:15:00,940.798575,902.1818182,38.40023786,0
2024-09-26 23:20:00,940.770075,902.1818182,38.40023786,0
2024-09-26 23:25:00,939.8328,902.1818182,38.40023786,0
2024-09-26 23:30:00,945.869475,902.1818182,38.40023786,0
2024-09-26 23:35:00,945.52035,902.1818182,38.40023786,0
2024-09-26 23:40:00,945.3448,902.1818182,38.40023786,0
2024-09-26 23:45:00,944.722,902.1818182,38.40023786,0
2024-09-26 23:50:00,941.7258,902.1818182,38.40023786,0
2024-09-26 23:55:00,941.11875,902.1818182,38.40023786,0
2024-09-27 00:00:00,944.0134125,910.5,38.40023786,0
2024-09-27 00:05:00,946.503525,902.1818182,35.63108,0
2024-09-27 00:10:00,949.6863,902.1818182,38.40023786,0
2024-09-27 00:15:00,950.75835,902.1818182,38.40023786,0
2024-09-27 00:20:00,948.39755,902.1818182,38.40023786,0
2024-09-27 00:25:00,947.578725,902.1818182,38.40023786,0
2024-09-27 00:30:00,948.978,902.1818182,38.40023786,0
2024-09-27 00:35:00,948.9752571,902.1818182,38.40023786,0
2024-09-27 00:40:00,950.818125,902.1818182,38.40023786,0
2024-09-27 00:45:00,949.2978,902.1818182,38.40023786,0
2024-09-27 00:50:00,945.49855,902.1818182,38.40023786,0
2024-09-27 00:55:00,946.8692,902.1818182,38.40023786,0
2024-09-27 01:00:00,946.85085,910.5,38.40023786,0
2024-09-27 01:05:00,943.852125,902.1818182,35.63108,0
2024-09-27 01:10:00,941.571775,902.1818182,38.40023786,0
2024-09-27 01:15:00,941.4973,902.1818182,38.40023786,0
2024-09-27 01:20:00,941.69295,902.1818182,38.40023786,0
2024-09-27 01:25:00,943.68465,902.1818182,38.40023786,0
2024-09-27 01:30:00,945.433275,902.1818182,38.40023786,0
2024-09-27 01:35:00,942.9984,902.1818182,38.40023786,0
2024-09-27 01:40:00,941.50485,902.1818182,38.40023786,0
2024-09-27 01:45:00,942.535375,902.1818182,38.40023786,0
2024-09-27 01:50:00,941.327925,902.1818182,38.40023786,0
2024-09-27 01:55:00,943.9497,902.1818182,38.40023786,0
2024-09-27 02:00:00,941.9583,902.1818182,38.40023786,0
2024-09-27 02:05:00,940.1268,910.5,35.63108,0
2024-09-27 02:10:00,938.56872,902.1818182,38.40023786,0
2024-09-27 02:15:00,938.44185,902.1818182,38.40023786,0
2024-09-27 02:20:00,937.5129,902.1818182,38.40023786,0
2024-09-27 02:25:00,938.62845,902.1818182,38.40023786,0
2024-09-27 02:30:00,939.25875,902.1818182,38.40023786,0
2024-09-27 02:35:00,937.22637,902.1818182,38.40023786,0
2024-09-27 02:40:00,936.46605,902.1818182,38.40023786,0
2024-09-27 02:45:00,938.9553,902.1818182,38.40023786,0
2024-09-27 02:50:00,940.679625,902.1818182,38.40023786,0
2024-09-27 02:55:00,939.64275,902.1818182,38.40023786,0
2024-09-27 03:00:00,938.80485,910.5,35.63108,0
2024-09-27 03:05:00,936.511425,902.1818182,38.40023786,0
2024-09-27 03:10:00,930.8075,902.1818182,38.40023786,0
2024-09-27 03:15:00,925.707075,902.1818182,38.40023786,0
2024-09-27 03:20:00,930.41691,902.1818182,38.40023786,0
2024-09-27 03:25:00,933.44655,902.1818182,38.40023786,0
2024-09-27 03:30:00,939.91705,902.1818182,38.40023786,0
2024-09-27 03:35:00,943.91015,902.1818182,38.40023786,0
2024-09-27 03:40:00,944.90505,902.1818182,38.40023786,0
2024-09-27 03:45:00,942.0832071,902.1818182,38.40023786,0
2024-09-27 03:50:00,940.4579625,902.1818182,38.40023786,0
2024-09-27 03:55:00,937.68245,910.5,35.63108,0
2024-09-27 04:00:00,938.0439,902.1818182,38.40023786,0
2024-09-27 04:05:00,938.1899625,910.5,35.63108,0
2024-09-27 04:10:00,938.17236,902.1818182,38.40023786,0
2024-09-27 04:15:00,938.7629625,902.1818182,38.40023786,0
2024-09-27 04:20:00,942.5425286,902.1818182,38.40023786,0
2024-09-27 04:25:00,947.5218,902.1818182,38.40023786,0
2024-09-27 04:30:00,945.69585,902.1818182,38.40023786,0
2024-09-27 04:35:00,941.1689,902.1818182,38.40023786,0
2024-09-27 04:40:00,939.23845,902.1818182,38.40023786,0
2024-09-27 04:45:00,937.14684,902.1818182,38.40023786,0
2024-09-27 04:50:00,937.1962875,902.1818182,38.40023786,0
2024-09-27 04:55:00,939.2126143,902.1818182,35.63108,0
2024-09-27 05:00:00,938.01765,910.5,35.63108,0
2024-09-27 05:05:00,937.67445,902.1818182,38.40023786,0
2024-09-27 05:25:00,940.10979,902.1818182,38.40023786,0
2024-09-27 05:30:00,938.155425,902.1818182,38.40023786,0
2024-09-27 06:00:00,937.68795,910.5,35.63108,0
2024-09-27 06:05:00,937.68795,910.5,35.63108,0
2024-09-27 06:30:00,946.63305,902.1818182,38.40023786,0
2024-09-27 06:35:00,946.9120875,902.1818182,38.40023786,0
2024-09-27 06:40:00,946.5074,902.1818182,38.40023786,0
2024-09-27 06:45:00,947.28018,902.1818182,38.40023786,0
2024-09-27 06:50:00,946.6840875,902.1818182,38.40023786,0
2024-09-27 06:55:00,946.7346429,910.5,35.63108,0
2024-09-27 07:00:00,944.9074,902.1818182,38.40023786,0
2024-09-27 07:05:00,943.9578,910.5,35.63108,0
2024-09-27 07:10:00,944.90495,902.1818182,38.40023786,0
2024-09-27 07:15:00,943.43065,902.1818182,38.40023786,0
2024-09-27 07:20:00,941.7010875,902.1818182,38.40023786,0
2024-09-27 07:25:00,941.040525,902.1818182,38.40023786,0
2024-09-27 07:30:00,940.9010357,902.1818182,38.40023786,0
2024-09-27 07:35:00,943.13985,902.1818182,38.40023786,0
2024-09-27 07:45:00,941.801925,902.1818182,38.40023786,0
2024-09-27 07:50:00,940.96165,902.1818182,38.40023786,0
2024-09-27 07:55:00,936.314025,902.1818182,38.40023786,0
2024-09-27 08:00:00,936.42045,910.5,35.63108,0
2024-09-27 08:05:00,908.9019073,910.5,38.40023786,0
2024-09-27 08:10:00,936.8298,902.1818182,38.40023786,0
2024-09-27 08:15:00,936.6939,902.1818182,38.40023786,0
2024-09-27 08:20:00,941.06355,902.1818182,38.40023786,0
2024-09-27 08:25:00,939.784975,902.1818182,38.40023786,0
2024-09-27 08:30:00,935.90694,902.1818182,38.40023786,0
2024-09-27 08:35:00,931.8885,902.1818182,38.40023786,0
2024-09-27 08:40:00,931.50276,902.1818182,38.40023786,0
2024-09-27 08:55:00,908.9019073,910.5,35.63108,0
2024-09-27 09:00:00,931.85775,902.1818182,35.63108,0
2024-09-27 09:05:00,931.85775,910.5,38.40023786,0
2024-09-27 09:30:00,931.85775,910.5,38.40023786,0
2024-09-27 10:00:00,931.85775,910.5,35.63108,0
2024-09-27 10:30:00,931.85775,910.5,35.63108,0
2024-09-27 11:00:00,931.85775,910.5,35.63108,0
2024-09-27 11:30:00,908.9019073,910.5,35.63108,1
2024-09-27 12:00:00,835.6572,902.1818182,72.60127,1
2024-09-27 12:05:00,762.3949,910.5,99.19072,1
2024-09-27 12:10:00,285.4403275,902.1818182,38.40023786,1
2024-09-27 12:15:00,30.43186,902.1818182,38.40023786,1
2024-09-27 12:20:00,0.0,902.1818182,38.40023786,1
2024-09-27 12:25:00,127.132065,902.1818182,38.40023786,1
2024-09-27 12:30:00,39.6229,902.1818182,38.40023786,1
2024-09-27 12:55:00,0.0,902.1818182,38.40023786,1
2024-09-27 13:00:00,0.0,910.5,100.0,1
2024-09-27 14:00:00,0.0,910.5,100.0,1
2024-09-27 14:05:00,0.0,902.1818182,100.0,1
2024-09-27 15:00:00,0.0,910.5,100.0,1
2024-09-27 15:30:00,0.0,902.1818182,38.40023786,1
2024-09-27 16:00:00,0.0,910.5,100.0,1
2024-09-27 16:30:00,0.0,910.5,100.0,1
2024-09-27 17:00:00,0.0,910.5,100.0,1
2024-09-27 17:10:00,889.038,902.1818182,35.86718,0
2024-09-27 17:15:00,888.501975,902.1818182,35.86718,0
2024-09-27 17:20:00,885.59595,902.1818182,38.40023786,0
2024-09-27 17:25:00,884.7426375,902.1818182,38.40023786,0
2024-09-27 17:30:00,889.8558,902.1818182,38.40023786,0
2024-09-27 17:35:00,900.4077,902.1818182,38.40023786,0
2024-09-27 17:40:00,904.5337125,902.1818182,38.40023786,0
2024-09-27 17:45:00,902.65617,902.1818182,38.40023786,0
2024-09-27 17:50:00,899.031825,902.1818182,38.40023786,0
2024-09-27 17:55:00,895.545,910.5,35.86718,0
2024-09-27 18:00:00,899.1253875,902.1818182,38.40023786,0
2024-09-27 18:05:00,905.04895,910.5,35.86718,0
2024-09-27 18:10:00,905.4658929,902.1818182,38.40023786,0
2024-09-27 18:15:00,902.9509875,902.1818182,38.40023786,0
2024-09-27 18:20:00,903.16245,902.1818182,38.40023786,0
2024-09-27 18:25:00,899.97525,902.1818182,38.40023786,0
2024-09-27 18:30:00,905.41203,902.1818182,38.40023786,0
2024-09-27 18:35:00,907.760475,902.1818182,38.40023786,0
2024-09-27 18:40:00,905.4714375,902.1818182,38.40023786,0
2024-09-27 18:45:00,904.1630786,902.1818182,38.40023786,0
2024-09-27 18:50:00,900.1144125,902.1818182,38.40023786,0
2024-09-27 18:55:00,899.88115,902.1818182,38.40023786,0
2024-09-27 19:00:00,903.521925,910.5,35.86718,0
2024-09-27 19:05:00,909.4478625,910.5,35.86718,0
2024-09-27 19:10:00,909.22239,902.1818182,38.40023786,0
2024-09-27 19:15:00,909.2167125,902.1818182,38.40023786,0
2024-09-27 19:20:00,911.4331714,902.1818182,38.40023786,0
2024-09-27 19:25:00,909.999375,902.1818182,38.40023786,0
2024-09-27 19:30:00,911.86545,902.1818182,38.40023786,0
2024-09-27 19:35:00,918.82605,902.1818182,38.40023786,0
2024-09-27 19:40:00,918.05555,902.1818182,38.40023786,0
2024-09-27 19:45:00,917.13385,902.1818182,38.40023786,0
2024-09-27 19:50:00,918.80235,902.1818182,38.40023786,0
2024-09-27 19:55:00,919.27155,910.5,38.40023786,0
2024-09-27 20:00:00,921.669,902.1818182,35.86718,0
2024-09-27 20:05:00,927.630075,910.5,38.40023786,0
2024-09-27 20:10:00,928.86875,902.1818182,38.40023786,0
2024-09-27 20:15:00,924.9246,902.1818182,38.40023786,0
2024-09-27 20:20:00,923.784,902.1818182,38.40023786,0
2024-09-27 20:25:00,923.76055,902.1818182,38.40023786,0
2024-09-27 20:30:00,922.7888571,902.1818182,38.40023786,0
2024-09-27 20:35:00,926.45455,902.1818182,38.40023786,0
2024-09-27 20:40:00,932.92875,902.1818182,38.40023786,0
2024-09-27 20:45:00,930.8059875,902.1818182,38.40023786,0
2024-09-27 20:50:00,923.5308,902.1818182,38.40023786,0
2024-09-27 20:55:00,922.9945,902.1818182,35.86718,0
2024-09-27 21:00:00,925.50875,910.5,38.40023786,0
2024-09-27 21:05:00,923.0756786,910.5,35.86718,0
2024-09-27 21:10:00,931.544175,902.1818182,38.40023786,0
2024-09-27 21:15:00,937.4481,902.1818182,38.40023786,0
2024-09-27 21:20:00,933.3484,902.1818182,38.40023786,0
2024-09-27 21:25:00,924.93495,902.1818182,38.40023786,0
2024-09-27 21:30:00,924.03165,902.1818182,38.40023786,0
2024-09-27 21:35:00,922.336125,902.1818182,38.40023786,0
2024-09-27 21:40:00,922.3269,902.1818182,38.40023786,0
2024-09-27 21:45:00,939.321525,902.1818182,38.40023786,0
2024-09-27 21:50:00,946.093575,902.1818182,38.40023786,0
2024-09-27 21:55:00,934.46355,902.1818182,38.40023786,0
2024-09-27 22:00:00,926.495625,910.5,35.86718,0
2024-09-27 22:05:00,921.3816,902.1818182,38.40023786,0
2024-09-27 22:10:00,918.10905,902.1818182,38.40023786,0
2024-09-27 22:15:00,922.64115,902.1818182,38.40023786,0
2024-09-27 22:20:00,943.175925,902.1818182,38.40023786,0
2024-09-27 22:25:00,946.30125,902.1818182,38.40023786,0
2024-09-27 22:30:00,928.70485,902.1818182,38.40023786,0
2024-09-27 22:40:00,910.50315,902.1818182,38.40023786,0
2024-09-27 22:45:00,912.4158,902.1818182,38.40023786,0
2024-09-27 22:50:00,915.79728,902.1818182,38.40023786,0
2024-09-27 22:55:00,921.31455,902.1818182,38.40023786,0
2024-09-27 23:00:00,908.9019073,910.5,38.40023786,0
2024-09-27 23:05:00,921.31455,902.1818182,35.86718,0
2024-09-27 23:25:00,914.2003125,902.1818182,38.40023786,0
2024-09-27 23:30:00,937.2237,902.1818182,38.40023786,0
2024-09-27 23:35:00,945.24075,902.1818182,38.40023786,0
2024-09-27 23:40:00,940.8828,902.1818182,38.40023786,0
2024-09-28 00:00:00,940.8828,910.5,35.86718,0
2024-09-28 00:15:00,932.4009,902.1818182,38.40023786,0
2024-09-28 00:20:00,925.476525,902.1818182,38.40023786,0
2024-09-28 00:45:00,944.1738,902.1818182,38.40023786,0
2024-09-28 00:50:00,933.5632,902.1818182,38.40023786,0
2024-09-28 00:55:00,924.4587,902.1818182,38.40023786,0
2024-09-28 01:00:00,908.9019073,902.1818182,35.86718,0
2024-09-28 01:05:00,923.45361,910.5,38.40023786,0
2024-09-28 01:10:00,926.168925,902.1818182,38.40023786,0
2024-09-28 01:15:00,941.0002875,902.1818182,38.40023786,0
2024-09-28 01:20:00,955.8972,902.1818182,38.40023786,0
2024-09-28 01:25:00,941.49015,902.1818182,38.40023786,0
2024-09-28 01:30:00,931.13165,902.1818182,38.40023786,0
2024-09-28 01:35:00,924.836175,902.1818182,38.40023786,0
2024-09-28 01:40:00,925.9439786,902.1818182,38.40023786,0
2024-09-28 01:45:00,927.1339125,902.1818182,38.40023786,0
2024-09-28 01:50:00,941.7407625,902.1818182,38.40023786,0
2024-09-28 01:55:00,957.28425,902.1818182,38.40023786,0
2024-09-28 02:00:00,946.0627125,910.5,35.86718,0
2024-09-28 02:05:00,930.416175,902.1818182,38.40023786,0
2024-09-28 02:10:00,928.6285125,902.1818182,38.40023786,0
2024-09-28 02:15:00,926.0375571,902.1818182,38.40023786,0
2024-09-28 02:20:00,931.5550125,902.1818182,38.40023786,0
2024-09-28 02:25:00,952.72137,902.1818182,38.40023786,0
2024-09-28 02:30:00,957.83325,902.1818182,38.40023786,0
2024-09-28 02:35:00,937.544625,902.1818182,38.40023786,0
2024-09-28 02:40:00,929.3562,902.1818182,38.40023786,0
2024-09-28 02:45:00,926.9968125,902.1818182,38.40023786,0
2024-09-28 02:50:00,929.3517,902.1818182,38.40023786,0
2024-09-28 02:55:00,943.951575,902.1818182,38.40023786,0
2024-09-28 03:00:00,960.116925,910.5,38.40023786,0
2024-09-28 03:05:00,951.62045,902.1818182,35.86718,0
2024-09-28 03:10:00,932.711675,902.1818182,38.40023786,0
2024-09-28 03:15:00,925.4537,902.1818182,38.40023786,0
2024-09-28 03:20:00,928.0716375,902.1818182,38.40023786,0
2024-09-28 03:25:00,935.7732,902.1818182,38.40023786,0
2024-09-28 03:30:00,952.9270125,902.1818182,38.40023786,0
2024-09-28 03:35:00,962.70135,902.1818182,38.40023786,0
2024-09-28 03:40:00,950.99523,902.1818182,38.40023786,0
2024-09-28 03:45:00,936.1297,902.1818182,38.40023786,0
2024-09-28 03:50:00,929.95482,902.1818182,38.40023786,0
2024-09-28 03:55:00,929.760825,902.1818182,38.40023786,0
2024-09-28 04:00:00,934.9693,910.5,35.86718,0
2024-09-28 04:05:00,962.90815,902.1818182,38.40023786,0
2024-09-28 04:10:00,963.18525,902.1818182,38.40023786,0
2024-09-28 04:15:00,945.7459286,902.1818182,38.40023786,0
2024-09-28 04:20:00,934.330725,902.1818182,38.40023786,0
2024-09-28 04:25:00,934.01394,902.1818182,38.40023786,0
2024-09-28 04:30:00,931.9337625,902.1818182,38.40023786,0
2024-09-28 04:35:00,939.0848786,902.1818182,38.40023786,0
2024-09-28 04:40:00,965.276025,902.1818182,38.40023786,0
2024-09-28 04:45:00,963.9332625,902.1818182,38.40023786,0
2024-09-28 04:50:00,943.9823357,902.1818182,38.40023786,0
2024-09-28 04:55:00,933.9801,910.5,38.40023786,0
2024-09-28 05:00:00,932.6149125,910.5,35.86718,0
2024-09-28 05:05:00,936.4095375,902.1818182,38.40023786,0
2024-09-28 05:10:00,953.285,902.1818182,38.40023786,0
2024-09-28 05:15:00,945.6991875,902.1818182,34.97528,0
2024-09-28 05:20:00,931.0810125,902.1818182,38.40023786,0
2024-09-28 05:25:00,922.078825,902.1818182,38.40023786,0
2024-09-28 05:30:00,915.455,902.1818182,38.40023786,0
2024-09-28 05:35:00,918.2313,902.1818182,38.40023786,0
2024-09-28 05:40:00,921.3214875,902.1818182,38.40023786,0
2024-09-28 05:45:00,933.1172,902.1818182,38.40023786,0
2024-09-28 05:50:00,945.37713,902.1818182,38.40023786,0
2024-09-28 05:55:00,932.1626625,902.1818182,38.40023786,0
2024-09-28 06:00:00,919.677675,910.5,34.97528,0
2024-09-28 06:05:00,914.5451,910.5,38.40023786,0
2024-09-28 06:10:00,915.77556,902.1818182,38.40023786,0
2024-09-28 06:15:00,920.0022,902.1818182,38.40023786,0
2024-09-28 06:20:00,934.6500214,902.1818182,38.40023786,0
2024-09-28 06:25:00,937.7377875,902.1818182,38.40023786,0
2024-09-28 06:30:00,926.4297,902.1818182,38.40023786,0
2024-09-28 06:35:00,917.27635,902.1818182,38.40023786,0
2024-09-28 06:40:00,916.07055,902.1818182,38.40023786,0
2024-09-28 06:45:00,918.13905,902.1818182,38.40023786,0
2024-09-28 06:50:00,921.7255125,902.1818182,38.40023786,0
2024-09-28 06:55:00,941.6269,902.1818182,34.97528,0
2024-09-28 07:00:00,943.461525,910.5,38.40023786,0
2024-09-28 07:05:00,933.09975,910.5,34.97528,0
2024-09-28 07:10:00,924.75475,902.1818182,38.40023786,0
2024-09-28 07:15:00,921.041625,902.1818182,38.40023786,0
2024-09-28 07:20:00,921.1678,902.1818182,38.40023786,0
2024-09-28 07:25:00,923.55258,902.1818182,38.40023786,0
2024-09-28 07:30:00,943.356075,902.1818182,38.40023786,0
2024-09-28 07:35:00,944.4138,902.1818182,38.40023786,0
2024-09-28 07:40:00,931.159725,902.1818182,38.40023786,0
2024-09-28 07:45:00,926.09585,902.1818182,38.40023786,0
2024-09-28 07:50:00,924.426675,902.1818182,38.40023786,0
2024-09-28 07:55:00,927.38475,902.1818182,38.40023786,0
2024-09-28 08:00:00,939.48018,910.5,34.97528,0
2024-09-28 08:05:00,958.1367375,902.1818182,38.40023786,0
2024-09-28 08:10:00,942.28295,902.1818182,38.40023786,0
2024-09-28 08:15:00,930.231225,902.1818182,38.40023786,0
2024-09-28 08:20:00,926.0275,902.1818182,38.40023786,0
2024-09-28 08:25:00,926.025225,902.1818182,38.40023786,0
2024-09-28 08:30:00,931.529025,902.1818182,38.40023786,0
2024-09-28 08:35:00,946.86255,902.1818182,38.40023786,0
2024-09-28 08:40:00,956.612325,902.1818182,38.40023786,0
2024-09-28 08:45:00,942.80409,902.1818182,38.40023786,0
2024-09-28 08:50:00,930.772275,902.1818182,38.40023786,0
2024-09-28 08:55:00,925.8421,902.1818182,38.40023786,0
2024-09-28 09:00:00,925.003125,910.5,34.97528,0
2024-09-28 09:05:00,929.12445,902.1818182,38.40023786,0
2024-09-28 09:10:00,926.99345,874.5,34.46729,0
2024-09-28 09:15:00,905.405625,902.1818182,38.40023786,0
2024-09-28 09:20:00,890.72832,902.1818182,38.40023786,0
2024-09-28 09:25:00,881.344425,902.1818182,38.40023786,0
2024-09-28 09:30:00,883.45415,902.1818182,38.40023786,0
2024-09-28 09:35:00,887.7327,902.1818182,38.40023786,0
2024-09-28 09:40:00,892.91145,902.1818182,38.40023786,0
2024-09-28 09:45:00,903.3832875,902.1818182,38.40023786,0
2024-09-28 09:50:00,892.0851,902.1818182,38.40023786,0
2024-09-28 09:55:00,883.7449125,874.5,34.46729,0
2024-09-28 10:00:00,877.970775,874.5,34.46729,0
2024-09-28 10:05:00,875.9018,902.1818182,38.40023786,0
2024-09-28 10:10:00,877.8096,902.1818182,38.40023786,0
2024-09-28 10:40:00,908.9019073,874.5,34.46729,0
2024-09-28 11:00:00,877.8096,874.5,34.46729,0
2024-09-28 11:30:00,877.8096,902.1818182,34.46729,0
2024-09-28 12:00:00,877.8096,874.5,34.46729,0
2024-09-28 12:30:00,844.944075,902.1818182,38.40023786,0
2024-09-28 12:35:00,847.643175,902.1818182,38.40023786,0
2024-09-28 12:40:00,858.7079,902.1818182,38.40023786,0
2024-09-28 12:55:00,809.7022714,874.5,39.80254667,0
2024-09-28 13:00:00,816.89865,874.5,40.69341,0
2024-09-28 13:05:00,807.842625,902.1818182,38.40023786,0
2024-09-28 13:10:00,805.089,902.1818182,40.83013,0
2024-09-28 13:15:00,819.611025,902.1818182,38.40023786,0
2024-09-28 13:20:00,812.1899,902.1818182,38.40023786,0
2024-09-28 13:25:00,815.708775,902.1818182,41.08503,0
2024-09-28 13:30:00,814.4247857,902.1818182,41.51468667,0
2024-09-28 13:35:00,819.6330375,902.1818182,38.40023786,0
2024-09-28 13:40:00,815.8793,902.1818182,38.40023786,0
2024-09-28 13:45:00,816.431025,902.1818182,38.40023786,0
2024-09-28 13:50:00,823.96605,902.1818182,38.40023786,0
2024-09-28 13:55:00,838.0334,874.5,41.59952,0
2024-09-28 14:00:00,819.5617,902.1818182,38.40023786,0
2024-09-28 14:05:00,806.9407,874.5,41.59952,0
2024-09-28 14:15:00,818.4395,902.1818182,42.24229,0
2024-09-28 14:20:00,823.067175,902.1818182,38.40023786,0
2024-09-28 14:25:00,830.38935,902.1818182,38.40023786,0
2024-09-28 14:30:00,861.372375,902.1818182,38.40023786,0
2024-09-28 14:35:00,861.8481,902.1818182,38.40023786,0
2024-09-28 14:40:00,846.4202571,902.1818182,38.40023786,0
2024-09-28 14:45:00,841.05675,902.1818182,38.40023786,0
2024-09-28 14:55:00,853.209675,902.1818182,38.40023786,0
2024-09-28 15:00:00,854.97615,874.5,42.24229,0
2024-09-28 15:05:00,854.97615,902.1818182,38.40023786,0
2024-09-28 15:15:00,866.22345,902.1818182,38.40023786,0
2024-09-28 15:35:00,863.7693,902.1818182,38.40023786,0
2024-09-28 15:40:00,879.85509,902.1818182,38.40023786,0
2024-09-28 15:45:00,898.9651125,902.1818182,38.40023786,0
2024-09-28 15:50:00,886.2588643,902.1818182,38.40023786,0
2024-09-28 15:55:00,876.083325,902.1818182,42.24229,0
2024-09-28 16:00:00,877.02685,874.5,42.24229,0
2024-09-28 16:05:00,877.2663,874.5,38.40023786,0
2024-09-28 16:10:00,890.416125,902.1818182,38.40023786,0
2024-09-28 16:15:00,900.29925,902.1818182,38.40023786,0
2024-09-28 16:20:00,921.30435,902.1818182,38.40023786,0
2024-09-28 16:25:00,912.5291143,902.1818182,38.40023786,0
2024-09-28 16:30:00,898.4154,902.1818182,38.40023786,0
2024-09-28 16:35:00,895.6216875,902.1818182,38.40023786,0
2024-09-28 16:40:00,897.9672214,902.1818182,38.40023786,0
2024-09-28 16:45:00,906.28705,902.1818182,38.40023786,0
2024-09-28 16:50:00,914.80965,902.1818182,38.40023786,0
2024-09-28 16:55:00,938.35185,902.1818182,42.24229,0
2024-09-28 17:00:00,934.58901,874.5,42.24229,0
2024-09-28 17:05:00,917.4154125,874.5,38.40023786,0
2024-09-28 17:10:00,911.67825,902.1818182,38.40023786,0
2024-09-28 17:15:00,911.5254,902.1818182,38.40023786,0
2024-09-28 17:20:00,914.3034,902.1818182,38.40023786,0
2024-09-28 17:25:00,924.8126625,902.1818182,38.40023786,0
2024-09-28 17:30:00,943.460325,902.1818182,42.11557,0
2024-09-28 17:35:00,937.0491,902.1818182,42.11557,0
2024-09-28 17:40:00,917.7022875,902.1818182,38.40023786,0
2024-09-28 17:45:00,915.789975,902.1818182,38.40023786,0
2024-09-28 17:50:00,920.1586286,902.1818182,38.40023786,0
2024-09-28 17:55:00,931.005675,874.5,42.11557,0
2024-09-28 18:00:00,940.19155,874.5,38.49013,0
2024-09-28 18:05:00,939.5479,902.1818182,35.87801,0
2024-09-28 18:10:00,934.0097,902.1818182,38.40023786,0
2024-09-28 18:15:00,917.7297,902.1818182,38.40023786,0
2024-09-28 18:20:00,912.9253875,902.1818182,38.40023786,0
2024-09-28 18:25:00,911.557325,902.1818182,38.40023786,0
2024-09-28 18:30:00,916.82115,902.1818182,38.40023786,0
2024-09-28 18:35:00,935.6611,902.1818182,38.40023786,0
2024-09-28 18:40:00,940.6321875,902.1818182,38.40023786,0
2024-09-28 18:45:00,924.2082,902.1818182,38.40023786,0
2024-09-28 18:50:00,912.63273,902.1818182,38.40023786,0
2024-09-28 18:55:00,913.2156375,902.1818182,38.40023786,0
2024-09-28 19:00:00,919.711625,874.5,35.87801,0
2024-09-28 19:05:00,932.004,874.5,35.87801,0
2024-09-28 19:10:00,942.857325,902.1818182,38.40023786,0
2024-09-28 19:15:00,935.06286,902.1818182,38.40023786,0
2024-09-28 19:20:00,925.4713125,902.1818182,38.40023786,0
2024-09-28 19:25:00,920.94654,902.1818182,38.40023786,0
2024-09-28 19:30:00,923.62045,902.1818182,38.40023786,0
2024-09-28 19:35:00,934.09779,902.1818182,38.40023786,0
2024-09-28 19:40:00,932.43555,902.1818182,35.49738,0
2024-09-28 19:45:00,923.64885,902.1818182,38.40023786,0
2024-09-28 19:50:00,917.1057,902.1818182,38.40023786,0
2024-09-28 19:55:00,909.1608,874.5,38.40023786,0
2024-09-28 20:00:00,908.38665,874.5,35.49738,0
2024-09-28 20:05:00,913.3165,902.1818182,35.49738,0
2024-09-28 20:10:00,921.7759125,902.1818182,38.40023786,0
2024-09-28 20:15:00,930.646275,902.1818182,38.40023786,0
2024-09-28 20:20:00,934.6707,902.1818182,38.40023786,0
2024-09-28 20:25:00,924.2679375,902.1818182,38.40023786,0
2024-09-28 20:30:00,919.4775,902.1818182,38.40023786,0
2024-09-28 20:35:00,922.59018,902.1818182,38.40023786,0
2024-09-28 20:40:00,929.4312375,902.1818182,38.40023786,0
2024-09-28 20:45:00,939.41055,902.1818182,38.40023786,0
2024-09-28 20:50:00,946.97385,902.1818182,35.24361,0
2024-09-28 20:55:00,915.121275,902.1818182,35.1148,0
2024-09-28 21:00:00,907.8774,874.5,35.1148,0
2024-09-28 21:05:00,903.242625,874.5,38.40023786,0
2024-09-28 21:10:00,905.74527,902.1818182,38.40023786,0
2024-09-28 21:15:00,911.0036,902.1818182,38.40023786,0
2024-09-28 21:20:00,918.1853,902.1818182,38.40023786,0
2024-09-28 21:25:00,924.38525,902.1818182,38.40023786,0
2024-09-28 21:30:00,918.6795,902.1818182,38.40023786,0
2024-09-28 21:35:00,910.66835,902.1818182,38.40023786,0
2024-09-28 21:40:00,911.3112,902.1818182,38.40023786,0
2024-09-28 21:45:00,915.8136,902.1818182,38.40023786,0
2024-09-28 21:50:00,919.342875,902.1818182,38.40023786,0
2024-09-28 21:55:00,929.9163,902.1818182,38.40023786,0
2024-09-28 22:00:00,932.4102,874.5,38.40023786,0
2024-09-28 22:05:00,919.3107,902.1818182,35.1148,0
2024-09-28 22:10:00,908.21465,902.1818182,38.40023786,0
2024-09-28 22:15:00,904.023675,902.1818182,38.40023786,0
2024-09-28 22:20:00,907.712925,902.1818182,38.40023786,0
2024-09-28 22:25:00,907.7431,902.1818182,38.40023786,0
2024-09-28 22:30:00,916.549,902.1818182,38.40023786,0
2024-09-28 22:35:00,926.70615,902.1818182,38.40023786,0
2024-09-28 22:40:00,920.19135,902.1818182,38.40023786,0
2024-09-28 22:45:00,904.23265,902.1818182,38.40023786,0
2024-09-28 22:50:00,899.2395,902.1818182,38.40023786,0
2024-09-28 22:55:00,899.8972875,902.1818182,38.40023786,0
2024-09-28 23:00:00,903.78978,874.5,35.1148,0
2024-09-28 23:05:00,913.8621,902.1818182,38.40023786,0
2024-09-28 23:10:00,929.96615,902.1818182,38.40023786,0
2024-09-28 23:15:00,922.28475,902.1818182,38.40023786,0
2024-09-28 23:20:00,908.5426,902.1818182,38.40023786,0
2024-09-28 23:25:00,904.383525,902.1818182,38.40023786,0
2024-09-28 23:30:00,905.5619,902.1818182,38.40023786,0
2024-09-28 23:35:00,907.11405,902.1818182,38.40023786,0
2024-09-28 23:40:00,921.721575,902.1818182,38.40023786,0
2024-09-28 23:45:00,932.18915,902.1818182,38.40023786,0
2024-09-28 23:50:00,920.13525,902.1818182,38.40023786,0
2024-09-28 23:55:00,911.83325,902.1818182,38.40023786,0
2024-09-29 00:00:00,910.7685375,874.5,35.1148,0
2024-09-29 00:05:00,913.5751125,902.1818182,38.40023786,0
2024-09-29 00:10:00,917.8776429,902.1818182,38.40023786,0
2024-09-29 00:15:00,933.269475,902.1818182,38.40023786,0
2024-09-29 00:20:00,940.7491,902.1818182,38.40023786,0
2024-09-29 00:25:00,925.420725,902.1818182,38.40023786,0
2024-09-29 00:30:00,914.58925,902.1818182,38.40023786,0
2024-09-29 00:35:00,910.7538,902.1818182,38.40023786,0
2024-09-29 00:40:00,911.4529875,902.1818182,38.40023786,0
2024-09-29 00:45:00,915.94875,902.1818182,38.40023786,0
2024-09-29 00:50:00,931.08955,902.1818182,38.40023786,0
2024-09-29 00:55:00,931.2847,902.1818182,38.40023786,0
2024-09-29 01:00:00,917.6776,902.1818182,38.40023786,0
2024-09-29 01:05:00,908.6757,874.5,35.1148,0
2024-09-29 01:10:00,906.7362,902.1818182,38.40023786,0
2024-09-29 01:15:00,908.8941,902.1818182,38.40023786,0
2024-09-29 01:20:00,921.6505929,902.1818182,38.40023786,0
2024-09-29 01:25:00,938.47515,902.1818182,38.40023786,0
2024-09-29 01:30:00,932.45775,902.1818182,38.40023786,0
2024-09-29 01:35:00,919.1505,902.1818182,38.40023786,0
2024-09-29 01:40:00,914.7133875,902.1818182,38.40023786,0
2024-09-29 01:45:00,915.00372,902.1818182,38.40023786,0
2024-09-29 01:50:00,918.0922125,902.1818182,38.40023786,0
2024-09-29 01:55:00,931.2795429,902.1818182,38.40023786,0
2024-09-29 02:00:00,941.0939,902.1818182,38.40023786,0
2024-09-29 02:05:00,929.55635,874.5,35.1148,0
2024-09-29 02:10:00,917.050725,902.1818182,38.40023786,0
2024-09-29 02:15:00,915.66775,902.1818182,38.40023786,0
2024-09-29 02:20:00,915.70389,902.1818182,38.40023786,0
2024-09-29 02:25:00,921.2247,902.1818182,38.40023786,0
2024-09-29 02:30:00,933.869475,902.1818182,38.40023786,0
2024-09-29 02:35:00,928.136775,902.1818182,38.40023786,0
2024-09-29 02:40:00,918.6963,902.1818182,38.40023786,0
2024-09-29 02:45:00,914.146325,902.1818182,38.40023786,0
2024-09-29 02:50:00,916.5120375,902.1818182,38.40023786,0
2024-09-29 02:55:00,922.83309,902.1818182,38.40023786,0
2024-09-29 03:00:00,932.11375,902.1818182,38.40023786,0
2024-09-29 03:05:00,937.89735,874.5,35.1148,0
2024-09-29 03:10:00,924.5538,902.1818182,38.40023786,0
2024-09-29 03:15:00,918.92865,902.1818182,38.40023786,0
2024-09-29 03:20:00,916.1592214,902.1818182,38.40023786,0
2024-09-29 03:25:00,920.94525,902.1818182,38.40023786,0
2024-09-29 03:30:00,926.7079125,902.1818182,38.40023786,0
2024-09-29 03:35:00,932.904075,902.1818182,38.40023786,0
2024-09-29 03:40:00,933.2536071,902.1818182,38.40023786,0
2024-09-29 03:45:00,922.349025,902.1818182,38.40023786,0
2024-09-29 03:50:00,918.65645,902.1818182,38.40023786,0
2024-09-29 03:55:00,919.164175,902.1818182,38.40023786,0
2024-09-29 04:00:00,922.86335,874.5,35.1148,0
2024-09-29 04:05:00,928.2589875,874.5,35.1148,0
2024-09-29 04:10:00,934.535925,902.1818182,38.40023786,0
2024-09-29 04:15:00,930.0407786,902.1818182,38.40023786,0
2024-09-29 04:20:00,921.081225,902.1818182,38.40023786,0
2024-09-29 04:25:00,919.94535,902.1818182,38.40023786,0
2024-09-29 04:30:00,924.4356,902.1818182,38.40023786,0
2024-09-29 04:35:00,929.79,902.1818182,38.40023786,0
2024-09-29 04:40:00,933.13464,902.1818182,38.40023786,0
2024-09-29 04:45:00,938.03355,902.1818182,38.40023786,0
2024-09-29 04:50:00,929.456925,902.1818182,38.40023786,0
2024-09-29 04:55:00,922.0814,874.5,38.40023786,0
2024-09-29 05:00:00,924.83955,874.5,35.1148,0
2024-09-29 05:05:00,933.312525,902.1818182,35.1148,0
2024-09-29 05:10:00,939.69335,902.1818182,38.40023786,0
2024-09-29 05:15:00,945.76095,902.1818182,38.40023786,0
2024-09-29 05:20:00,947.17995,902.1818182,38.40023786,0
2024-09-29 05:25:00,942.09555,902.1818182,38.40023786,0
2024-09-29 05:30:00,937.15625,902.1818182,38.40023786,0
2024-09-29 05:35:00,936.65745,902.1818182,38.40023786,0
2024-09-29 05:40:00,941.3145429,902.1818182,38.40023786,0
2024-09-29 05:45:00,921.3715875,902.1818182,34.46846,0
2024-09-29 05:50:00,916.7041875,902.1818182,38.40023786,0
2024-09-29 05:55:00,918.15162,902.1818182,38.40023786,0
2024-09-29 06:00:00,913.4497875,874.5,34.46846,0
2024-09-29 06:05:00,906.2845875,902.1818182,34.46846,0
2024-09-29 06:10:00,905.65665,902.1818182,38.40023786,0
2024-09-29 06:15:00,910.8336429,902.1818182,38.40023786,0
2024-09-29 06:20:00,916.3474125,902.1818182,38.40023786,0
2024-09-29 06:25:00,924.1569375,902.1818182,38.40023786,0
2024-09-29 06:30:00,923.9592,902.1818182,38.40023786,0
2024-09-29 06:35:00,918.85197,902.1818182,38.40023786,0
2024-09-29 06:40:00,910.89725,902.1818182,38.40023786,0
2024-09-29 06:45:00,909.85965,902.1818182,38.40023786,0
2024-09-29 06:50:00,914.691,902.1818182,38.40023786,0
2024-09-29 06:55:00,918.4942,874.5,38.40023786,0
2024-09-29 07:00:00,920.1803,902.1818182,34.46846,0
2024-09-29 07:05:00,925.2798,874.5,34.46846,0
2024-09-29 07:10:00,923.9613,902.1818182,38.40023786,0
2024-09-29 07:15:00,919.58695,902.1818182,38.40023786,0
2024-09-29 07:20:00,916.61115,902.1818182,38.40023786,0
2024-09-29 07:25:00,921.2902875,902.1818182,38.40023786,0
2024-09-29 07:30:00,924.3301125,902.1818182,38.40023786,0
2024-09-29 07:35:00,928.8233625,902.1818182,38.40023786,0
2024-09-29 07:40:00,931.28526,902.1818182,38.40023786,0
2024-09-29 07:45:00,931.4676,902.1818182,38.40023786,0
2024-09-29 07:50:00,926.7421,902.1818182,38.40023786,0
2024-09-29 07:55:00,918.232425,902.1818182,38.40023786,0
2024-09-29 08:00:00,919.8774,874.5,34.46846,0
2024-09-29 08:05:00,924.077325,902.1818182,38.40023786,0
2024-09-29 08:10:00,926.0062125,902.1818182,38.40023786,0
2024-09-29 08:15:00,934.0648875,902.1818182,38.40023786,0
2024-09-29 08:20:00,936.75765,902.1818182,38.40023786,0
2024-09-29 08:25:00,935.658,902.1818182,38.40023786,0
2024-09-29 09:00:00,935.658,874.5,34.46846,0
2024-09-29 09:30:00,935.658,902.1818182,38.40023786,0
2024-09-29 10:00:00,903.96885,874.5,34.46846,0
2024-09-29 10:05:00,908.9019073,902.1818182,34.46846,0
2024-09-29 10:20:00,896.53915,902.1818182,38.40023786,0
2024-09-29 10:50:00,893.39505,874.5,38.40023786,0
2024-09-29 11:00:00,893.39505,874.5,34.46846,0
2024-09-29 11:30:00,876.03455,902.1818182,38.40023786,0
2024-09-29 11:40:00,868.4907375,902.1818182,38.40023786,0
2024-09-29 11:45:00,872.5742625,902.1818182,38.40023786,0
2024-09-29 11:50:00,877.052775,902.1818182,38.40023786,0
2024-09-29 11:55:00,880.939575,902.1818182,38.40023786,0
2024-09-29 12:00:00,882.4347375,874.5,34.46846,0
2024-09-29 12:05:00,878.954925,902.1818182,34.46846,0
2024-09-29 12:10:00,871.6143375,902.1818182,38.40023786,0
2024-09-29 12:15:00,867.7465875,902.1818182,38.40023786,0
2024-09-29 12:20:00,867.44394,902.1818182,38.40023786,0
2024-09-29 12:25:00,868.02255,902.1818182,38.40023786,0
2024-09-29 12:30:00,871.4895,902.1818182,38.40023786,0
2024-09-29 12:35:00,873.165375,902.1818182,38.40023786,0
2024-09-29 12:40:00,867.641325,902.1818182,38.40023786,0
2024-09-29 12:45:00,862.926525,902.1818182,38.40023786,0
2024-09-29 12:55:00,853.348,874.5,38.40023786,0
2024-09-29 13:00:00,851.531325,902.1818182,34.46846,0
2024-09-29 13:05:00,908.9019073,874.5,34.46846,0
2024-09-29 13:15:00,856.8116625,902.1818182,38.40023786,0
2024-09-29 13:20:00,857.69172,902.1818182,38.40023786,0
2024-09-29 13:25:00,854.85225,902.1818182,38.40023786,0
2024-09-29 13:30:00,848.4894,902.1818182,38.40023786,0
2024-09-29 13:45:00,854.0993,902.1818182,38.40023786,0
2024-09-29 13:50:00,854.68775,902.1818182,38.40023786,0
2024-09-29 13:55:00,853.1787375,874.5,38.40023786,0
2024-09-29 14:00:00,844.688325,902.1818182,34.46846,0
2024-09-29 14:05:00,841.42014,874.5,34.46846,0
2024-09-29 14:10:00,840.1495875,902.1818182,38.40023786,0
2024-09-29 14:15:00,838.14165,902.1818182,38.40023786,0
2024-09-29 14:20:00,840.8090625,902.1818182,38.40023786,0
2024-09-29 14:25:00,841.0106625,902.1818182,38.40023786,0
2024-09-29 14:30:00,839.8932,902.1818182,38.40023786,0
2024-09-29 14:45:00,833.09055,902.1818182,38.40023786,0
2024-09-29 14:50:00,833.6478,902.1818182,38.40023786,0
2024-09-29 14:55:00,833.2569,874.5,38.40023786,0
2024-09-29 15:00:00,833.2569,874.5,34.46846,0
2024-09-29 15:30:00,908.9019073,902.1818182,34.46846,0
2024-09-29 16:00:00,833.2569,874.5,34.46846,0
2024-09-29 16:30:00,908.9019073,874.5,38.40023786,0
2024-09-29 17:00:00,833.2569,874.5,34.46846,0
2024-09-29 17:30:00,818.34024,902.1818182,38.40023786,0
2024-09-29 17:35:00,817.22475,902.1818182,38.40023786,0
2024-09-29 17:40:00,816.81075,902.1818182,38.40023786,0
2024-09-29 17:45:00,812.29569,902.1818182,38.40023786,0
2024-09-29 17:50:00,812.05655,902.1818182,38.40023786,0
2024-09-29 17:55:00,814.261425,902.1818182,34.46846,0
2024-09-29 18:00:00,816.26575,874.5,38.40023786,0
2024-09-29 18:05:00,819.102425,874.5,34.46846,0
2024-09-29 18:10:00,822.66255,902.1818182,38.40023786,0
2024-09-29 18:15:00,822.3979875,902.1818182,38.40023786,0
2024-09-29 18:20:00,819.127275,902.1818182,38.40023786,0
2024-09-29 18:25:00,819.0378,902.1818182,38.40023786,0
2024-09-29 18:30:00,819.09036,902.1818182,38.40023786,0
2024-09-29 18:35:00,815.3686875,902.1818182,38.40023786,0
2024-09-29 18:40:00,813.2696786,902.1818182,38.40023786,0
2024-09-29 18:45:00,815.031225,902.1818182,38.40023786,0
2024-09-29 18:50:00,815.703375,902.1818182,38.40023786,0
2024-09-29 18:55:00,819.178075,874.5,34.46846,0
2024-09-29 19:00:00,820.448025,902.1818182,34.46846,0
2024-09-29 19:05:00,821.01065,874.5,38.40023786,0
2024-09-29 19:10:00,820.1171625,902.1818182,38.40023786,0
2024-09-29 19:15:00,820.29345,902.1818182,38.40023786,0
2024-09-29 19:20:00,821.9504625,902.1818182,38.40023786,0
2024-09-29 19:25:00,823.616175,902.1818182,38.40023786,0
2024-09-29 19:30:00,827.4993,902.1818182,38.40023786,0
2024-09-29 19:35:00,829.443525,902.1818182,38.40023786,0
2024-09-29 19:40:00,830.9956,902.1818182,38.40023786,0
2024-09-29 19:45:00,830.8113,902.1818182,38.40023786,0
2024-09-29 19:50:00,830.3895643,902.1818182,38.40023786,0
2024-09-29 19:55:00,829.624875,902.1818182,34.46846,0
2024-09-29 20:00:00,829.17345,874.5,38.40023786,0
2024-09-29 20:05:00,830.636775,874.5,34.46846,0
2024-09-29 20:10:00,826.188975,902.1818182,38.40023786,0
2024-09-29 20:15:00,826.70055,902.1818182,38.40023786,0
2024-09-29 20:20:00,824.61165,902.1818182,38.40023786,0
2024-09-29 20:25:00,824.0364,902.1818182,38.40023786,0
2024-09-29 20:30:00,821.2384875,902.1818182,38.40023786,0
2024-09-29 20:35:00,816.8679,902.1818182,38.40023786,0
2024-09-29 20:40:00,815.38875,902.1818182,38.40023786,0
2024-09-29 20:45:00,814.53915,902.1818182,38.40023786,0
2024-09-29 20:50:00,811.4226,902.1818182,38.40023786,0
2024-09-29 20:55:00,812.2123,874.5,38.40023786,0
2024-09-29 21:00:00,810.94527,902.1818182,34.46846,0
2024-09-29 21:05:00,812.97725,874.5,34.46846,0
2024-09-29 21:10:00,810.0864,902.1818182,38.40023786,0
2024-09-29 21:15:00,811.0788375,902.1818182,38.40023786,0
2024-09-29 21:20:00,812.9391,902.1818182,38.40023786,0
2024-09-29 21:25:00,814.64595,902.1818182,38.40023786,0
2024-09-29 21:30:00,812.70015,902.1818182,38.40023786,0
2024-09-29 21:35:00,814.044575,902.1818182,38.40023786,0
2024-09-29 21:40:00,812.276925,902.1818182,38.40023786,0
2024-09-29 21:45:00,813.52215,902.1818182,38.40023786,0
2024-09-29 21:50:00,814.6317,902.1818182,38.40023786,0
2024-09-29 21:55:00,815.168475,902.1818182,38.40023786,0
2024-09-29 22:00:00,814.040775,902.1818182,34.46846,0
2024-09-29 22:05:00,815.22363,874.5,38.40023786,0
2024-09-29 22:10:00,811.506975,902.1818182,38.40023786,0
2024-09-29 22:15:00,811.95945,902.1818182,38.40023786,0
2024-09-29 22:20:00,812.596275,902.1818182,38.40023786,0
2024-09-29 22:25:00,812.8629,902.1818182,38.40023786,0
2024-09-29 22:30:00,815.312475,902.1818182,38.40023786,0
2024-09-29 22:35:00,818.701725,902.1818182,38.40023786,0
2024-09-29 22:40:00,824.9681,902.1818182,38.40023786,0
2024-09-29 22:45:00,829.08735,902.1818182,38.40023786,0
2024-09-29 22:50:00,830.0406,902.1818182,38.40023786,0
2024-09-29 22:55:00,836.186625,902.1818182,38.40023786,0
2024-09-29 23:00:00,837.1763625,902.1818182,38.40023786,0
2024-09-29 23:05:00,837.5271,874.5,34.46846,0
2024-09-29 23:10:00,841.6866,902.1818182,38.40023786,0
2024-09-29 23:15:00,843.8863125,902.1818182,38.40023786,0
2024-09-29 23:20:00,845.658525,902.1818182,38.40023786,0
2024-09-29 23:25:00,850.28775,902.1818182,38.40023786,0
2024-09-29 23:30:00,851.088525,902.1818182,38.40023786,0
2024-09-29 23:35:00,854.31655,902.1818182,38.40023786,0
2024-09-29 23:40:00,853.53225,902.1818182,38.40023786,0
2024-09-29 23:45:00,852.607425,902.1818182,38.40023786,0
2024-09-29 23:50:00,853.6088625,902.1818182,38.40023786,0
2024-09-29 23:55:00,851.324625,902.1818182,38.40023786,0
2024-09-30 00:00:00,852.354,902.1818182,34.46846,0
